Category:,Brief Description:,Extended Description:,,,,Data: ,Data: ,Data: ,In Reference Data Location:,Reference Name:,Reference URL:
Category,Name,Description,CVD,Temp,Pres,H2,CO2,N2,,,
,,,hours,(°C),(bar),(mol/(sqm.s.Pa)),(mol/(sqm.s.Pa)),(mol/(sqm.s.Pa)),,,
CVD,CVD Si,(T=250°C),,250,,8.17E-08,,3.07E-11,fresh (figure 1),Akamatsu  2009,
CVD,CVD Si,(T=600°C),,600,,2.77E-07,,1.08E-10,fresh (figure 1),Akamatsu  2009,
CVD,CVD Si,(T=300°C),,300,,1.06E-08,,1.62E-11,fresh (figure 3),Akamatsu  2009,
CVD,CVD Si,(T=600°C),,600,,6.66E-08,,8.81E-12,fresh (figure 3),Akamatsu  2009,
CVD,CVD Si,(T=800°C),,800,,1.56E-07,,3.46E-11,fresh (figure 3),Akamatsu  2009,
CVD,CVD Si," on a-y-Al (T=500°C, P=1bar)",,500,1,1.00E-07,1.30E-10,,(figure 9),Araki 2007,
CVD,CVD Si," on a-y-Al (T=300°C, P=1bar)",,300,1,5.00E-08,4.00E-11,,(figure 9),Araki 2007,
CVD,CVD Si," on a-y-Al (T=200°C, P=1bar)",,200,1,3.00E-08,2.05E-11,,(figure 9),Araki 2007,
CVD,CVD Si," on a-y-Al (T=20°C, P=1bar)",,20,1,2.50E-09,3.00E-12,,(figure 9),Araki 2007,
sol-gel,sol-gel Si," by wet cloth on a-a-Al (T=300°C, P=1.75bar)",,300,1.75,1.60E-06,2.74E-07,4.40E-08,SOSZ5 (figure 8),Asaeda 2001,
sol-gel,sol-gel Si," by wet cloth on a-a-Al (T=250°C, P=1.75bar)",,250,1.75,1.39E-06,3.03E-07,3.78E-08,SOSZ5 (figure 8),Asaeda 2001,
sol-gel,sol-gel Si," by wet cloth on a-a-Al (T=200°C, P=1.75bar)",,200,1.75,1.32E-06,4.05E-07,3.78E-08,SOSZ5 (figure 8),Asaeda 2001,
sol-gel,sol-gel Si," by wet cloth on a-a-Al (T=150°C, P=1.75bar)",,150,1.75,1.21E-06,5.26E-07,3.44E-08,SOSZ5 (figure 8),Asaeda 2001,
sol-gel,sol-gel Si," by wet cloth on a-a-Al (T=100°C, P=1.75bar)",,100,1.75,1.13E-06,7.04E-07,3.30E-08,SOSZ5 (figure 8),Asaeda 2001,
sol-gel,sol-gel Si," by wet cloth on a-a-Al (T=75°C, P=1.75bar)",,75,1.75,1.08E-06,7.74E-07,3.16E-08,SOSZ5 (figure 8),Asaeda 2001,
sol-gel,sol-gel Si," by wet cloth on a-a-Al (T=50°C, P=1.75bar)",,50,1.75,1.04E-06,8.08E-07,3.03E-08,SOSZ5 (figure 8),Asaeda 2001,
sol-gel,sol-gel Si," by wet cloth on a-Al-SiZr (T=300°C, P=1.75bar)",,300,1.75,1.33E-06,1.82E-07,,SOS (figure 5),Asaeda 2001,
sol-gel,sol-gel Si," by wet cloth on a-Al-SiZr (T=200°C, P=1.75bar)",,200,1.75,1.35E-06,3.36E-07,,SOS (figure 5),Asaeda 2001,
sol-gel,sol-gel Si," by wet cloth on a-Al-SiZr (T=150°C, P=1.75bar)",,150,1.75,1.35E-06,4.01E-07,,SOS (figure 5),Asaeda 2001,
sol-gel,sol-gel Si," by wet cloth on a-Al-SiZr (T=100°C, P=1.75bar)",,100,1.75,1.33E-06,4.87E-07,,SOS (figure 5),Asaeda 2001,
sol-gel,sol-gel Si," by wet cloth on a-Al-SiZr (T=75°C, P=1.75bar)",,75,1.75,1.35E-06,6.78E-07,,SOS (figure 5),Asaeda 2001,
sol-gel,sol-gel Si," by wet cloth on a-Al-SiZr (T=50°C, P=1.75bar)",,50,1.75,1.28E-06,7.95E-07,,SOS (figure 5),Asaeda 2001,
sol-gel,sol-gel Si," by dip coating on a-y-Al (T=150°C, P=1bar)",,150,1,1.74E-08,1.33E-10,8.00E-11,M3 (figure 5b),Battersby 2006,
sol-gel,sol-gel Si," by dip coating on a-y-Al (T=200°C, P=2bar)",,200,2,1.06E-08,6.50E-10,6.85E-10,(figure 6),Battersby 2007,
sol-gel: Si-Co-O,sol-gel Si-Co-O," by dip coating on a-y-Al (T=200°C, P=2bar)",,200,2,3.30E-08,1.20E-10,1.26E-10,(figure 2a),Battersby 2008,
sol-gel: Si-Co-O,sol-gel Si-Co-O," by dip coating on a-y-Al (T=150°C, P=2bar)",,150,2,1.60E-08,1.00E-10,1.20E-10,(figure 2a),Battersby 2008,
sol-gel: Si-Co-O,sol-gel Si-Co-O," by dip coating on a-y-Al (T=100°C, P=2bar)",,100,2,8.62E-09,8.87E-11,1.57E-10,(figure 2a),Battersby 2008,
sol-gel: Si-Co-O,sol-gel Si-Co-O," by dip coating on a-y-Al (T=100°C, P=1bar)",,100,1,5.20E-10,1.50E-10,1.50E-10,(figure 3),Battersby 2009,
sol-gel: Si-Co-O,sol-gel Si-Co-O," by dip coating on a-y-Al (T=150°C, P=1bar)",,150,1,1.57E-09,1.16E-11,1.16E-11,(figure 3),Battersby 2009,
sol-gel: Si-Co-O,sol-gel Si-Co-O," by dip coating on a-y-Al (T=200°C, P=1bar)",,200,1,3.96E-09,6.50E-12,6.50E-12,(figure 3),Battersby 2009,
sol-gel: Si-Co-O,sol-gel Si-Co-O," by dip coating on a-y-Al (T=250°C, P=1bar)",,250,1,5.80E-09,5.37E-12,5.37E-12,(figure 3),Battersby 2009,
sol-gel: Si-Co-O,sol-gel Si-Co-O," by dip coating on a-y-Al (T=100°C, P=4bar)",,100,4,3.63E-09,8.62E-11,5.72E-11,(figure 6),Battersby 2009 b,
sol-gel: Si-Co-O,sol-gel Si-Co-O," by dip coating on a-y-Al (T=150°C, P=4bar)",,150,4,5.50E-09,6.10E-11,5.72E-11,(figure 6),Battersby 2009 b,
sol-gel: Si-Co-O,sol-gel Si-Co-O," by dip coating on a-y-Al (T=200°C, P=4bar)",,200,4,6.82E-09,6.32E-11,5.72E-11,(figure 6),Battersby 2009 b,
sol-gel: Si-Co-O,sol-gel Si-Co-O," by dip coating on a-y-Al (T=250°C, P=4bar)",,250,4,9.80E-09,6.13E-11,5.72E-11,(figure 6),Battersby 2009 b,
sol-gel: Si-Co-O,sol-gel Si-Co-O," by dip coating on a-y-Al (T=100°C, P=4bar)",,100,4,5.31E-10,1.46E-10,6.20E-12,(figure 4b),Battersby 2010,
sol-gel: Si-Co-O,sol-gel Si-Co-O," by dip coating on a-y-Al (T=150°C, P=4bar)",,150,4,1.60E-09,2.05E-11,6.20E-12,(figure 4b),Battersby 2010,
sol-gel: Si-Co-O,sol-gel Si-Co-O," by dip coating on a-y-Al (T=200°C, P=4bar)",,200,4,3.89E-09,6.40E-12,6.20E-12,(figure 4b),Battersby 2010,
sol-gel: Si-Nb-O,sol-gel Si-Nb-O," by dip coating on a-y-Al (T=200°C, P=4bar)",,200,4,6.30E-07,1.37E-08,4.20E-09,fresh (table 1),Boffa 2008,
sol-gel: Si-Nb-O,sol-gel Si-Nb-O," by dip coating on a-y-Al (T=200°C, P=4bar)",,200,4,3.10E-07,9.39E-09,4.20E-09,HT 150C (table 1),Boffa 2008,
sol-gel: Si-Nb-O,sol-gel Si-Nb-O," by dip coating on a-y-Al (T=200°C, P=4bar)",,200,4,3.00E-07,6.38E-09,4.20E-09,HT 200C (table 1),Boffa 2008,
sol-gel: Si-Nb-O,sol-gel Si-Nb-O," by dip coating on a-y-Al (T=200°C, P=4bar)",,200,4,3.90E-08,8.48E-10,4.20E-09,fresh (table 2),Boffa 2008,
sol-gel: Si-Nb-O,sol-gel Si-Nb-O," by dip coating on a-y-Al (T=200°C, P=4bar)",,200,4,3.70E-08,8.22E-10,4.20E-09,HT 150C (table 2),Boffa 2008,
sol-gel: Si-Nb-O,sol-gel Si-Nb-O," by dip coating on a-y-Al (T=200°C, P=4bar)",,200,4,2.70E-08,8.18E-10,4.20E-09,HT 200C (table 2),Boffa 2008,
sol-gel: Si-Nb-O,sol-gel Si-Nb-O,by dip coating on a-y-Al (T=80°C),,80,,1.13E-08,1.96E-09,5.96E-09,NS1 (figure 4),Boffa 2009,
sol-gel: Si-Nb-O,sol-gel Si-Nb-O,by dip coating on a-y-Al (T=90°C),,90,,1.20E-08,1.86E-09,5.96E-09,NS1 (figure 4),Boffa 2009,
sol-gel: Si-Nb-O,sol-gel Si-Nb-O,by dip coating on a-y-Al (T=100°C),,100,,1.24E-08,1.50E-09,5.84E-09,NS1 (figure 4),Boffa 2009,
sol-gel: Si-Nb-O,sol-gel Si-Nb-O,by dip coating on a-y-Al (T=110°C),,110,,1.58E-08,1.37E-09,5.74E-09,NS1 (figure 4),Boffa 2009,
sol-gel: Si-Nb-O,sol-gel Si-Nb-O,by dip coating on a-y-Al (T=120°C),,120,,1.79E-08,1.15E-09,5.74E-09,NS1 (figure 4),Boffa 2009,
sol-gel: Si-Nb-O,sol-gel Si-Nb-O,by dip coating on a-y-Al (T=130°C),,130,,2.09E-08,1.02E-09,5.74E-09,NS1 (figure 4),Boffa 2009,
sol-gel: Si-Nb-O,sol-gel Si-Nb-O,by dip coating on a-y-Al (T=140°C),,140,,2.26E-08,9.16E-10,5.84E-09,NS1 (figure 4),Boffa 2009,
sol-gel: Si-Nb-O,sol-gel Si-Nb-O,by dip coating on a-y-Al (T=150°C),,150,,2.34E-08,8.50E-10,5.96E-09,NS1 (figure 4),Boffa 2009,
sol-gel: Si-Nb-O,sol-gel Si-Nb-O,by dip coating on a-y-Al (T=160°C),,160,,2.88E-08,8.27E-10,6.16E-09,NS1 (figure 4),Boffa 2009,
sol-gel: Si-Nb-O,sol-gel Si-Nb-O,by dip coating on a-y-Al (T=180°C),,180,,3.29E-08,8.36E-10,6.16E-09,NS1 (figure 4),Boffa 2009,
sol-gel: Si-Nb-O,sol-gel Si-Nb-O,by dip coating on a-y-Al (T=200°C),,200,,3.70E-08,8.44E-10,5.84E-09,NS1 (figure 4),Boffa 2009,
sol-gel: Si-Nb-O,sol-gel Si-Nb-O," by dip coating on a-y-Al (T=130°C, P=4bar)",,130,4,1.91E-09,4.05E-11,,NS3 (figure 5c),Boffa 2009,
sol-gel: Si-Nb-O,sol-gel Si-Nb-O," by dip coating on a-y-Al (T=140°C, P=4bar)",,140,4,2.14E-09,6.46E-11,,NS3 (figure 5c),Boffa 2009,
sol-gel: Si-Nb-O,sol-gel Si-Nb-O," by dip coating on a-y-Al (T=150°C, P=4bar)",,150,4,2.42E-09,5.61E-11,,NS3 (figure 5c),Boffa 2009,
sol-gel: Si-Nb-O,sol-gel Si-Nb-O," by dip coating on a-y-Al (T=160°C, P=4bar)",,160,4,2.88E-09,3.98E-11,,NS3 (figure 5c),Boffa 2009,
sol-gel: Si-Nb-O,sol-gel Si-Nb-O," by dip coating on a-y-Al (T=180°C, P=4bar)",,180,4,3.48E-09,4.17E-11,,NS3 (figure 5c),Boffa 2009,
sol-gel: Si-Nb-O,sol-gel Si-Nb-O," by dip coating on a-y-Al (T=200°C, P=4bar)",,200,4,3.69E-09,5.29E-11,,NS3 (figure 5c),Boffa 2009,
sol-gel: Si-Co-O,sol-gel Si-Co-O," by dip coating on SS-SS-8YSZ-y-Al (T=200°C, P=2bar)",,200,2,4.27E-07,7.69E-08,7.58E-08,before flue gas (figure 5a),Brands 2009,
sol-gel: Si-Co-O,sol-gel Si-Co-O," by dip coating on SS-SS-8YSZ-y-Al (T=150°C, P=2bar)",,150,2,3.61E-07,7.41E-08,7.60E-08,before flue gas (figure 5a),Brands 2009,
sol-gel: Si-Co-O,sol-gel Si-Co-O," by dip coating on SS-SS-8YSZ-y-Al (T=100°C, P=2bar)",,100,2,3.34E-07,7.63E-08,8.07E-08,before flue gas (figure 5a),Brands 2009,
sol-gel: Si-Co-O,sol-gel Si-Co-O," by dip coating on SS-SS-8YSZ-y-Al (T=50°C, P=2bar)",,50,2,3.29E-07,7.82E-08,8.71E-08,before flue gas (figure 5a),Brands 2009,
sol-gel: Si-Co-O,sol-gel Si-Co-O," by dip coating on SS-SS-8YSZ-y-Al (T=20°C, P=2bar)",,20,2,3.27E-07,7.87E-08,9.21E-08,before flue gas (figure 5a),Brands 2009,
sol-gel: Si-Co-O,sol-gel Si-Co-O," by dip coating on SS-SS-8YSZ-y-Al (T=200°C, P=2bar)",,200,2,2.13E-08,4.08E-09,3.60E-09,after flue gas (figure 5c),Brands 2009,
sol-gel: Si-Co-O,sol-gel Si-Co-O," by dip coating on SS-SS-8YSZ-y-Al (T=150°C, P=2bar)",,150,2,1.78E-08,3.46E-09,5.16E-09,after flue gas (figure 5c),Brands 2009,
sol-gel: Si-Co-O,sol-gel Si-Co-O," by dip coating on SS-SS-8YSZ-y-Al (T=100°C, P=2bar)",,100,2,9.02E-09,2.22E-09,2.67E-09,after flue gas (figure 5c),Brands 2009,
sol-gel: Si-Co-O,sol-gel Si-Co-O," by dip coating on SS-SS-8YSZ-y-Al (T=50°C, P=2bar)",,50,2,1.03E-08,3.14E-09,3.77E-09,after flue gas (figure 5c),Brands 2009,
sol-gel: Si-Co-O,sol-gel Si-Co-O," by dip coating on SS-SS-8YSZ-y-Al (T=20°C, P=2bar)",,20,2,1.09E-08,3.43E-09,3.90E-09,after flue gas (figure 5c),Brands 2009,
sol-gel: On steel,sol-gel On steel," by soak-rolling on SS-Si-y-Al (T=225°C, P=4bar)",,225,4,1.90E-09,,1.19E-10,(table 1),Brunetti 2006,
sol-gel: On steel,sol-gel On steel," by soak-rolling on SS-Si-y-Al (T=252°C, P=4bar)",,252,4,2.20E-09,1.28E-10,1.50E-10,(table 1),Brunetti 2006,
sol-gel: On steel,sol-gel On steel," by soak-rolling on SS-Si-y-Al (T=290°C, P=4bar)",,290,4,4.32E-09,1.89E-10,2.00E-10,(table 1),Brunetti 2006,
sol-gel: On steel,sol-gel On steel," by soak-rolling on SS-Si-y-Al (T=225°C, P=4bar)",,225,4,1.89E-09,5.40E-11,1.19E-10,(table 3),Brunetti 2007,
sol-gel: On steel,sol-gel On steel," by soak-rolling on SS-Si-y-Al (T=252°C, P=4bar)",,252,4,2.20E-09,6.30E-11,1.50E-10,(table 3),Brunetti 2007,
sol-gel: On steel,sol-gel On steel," by soak-rolling on SS-Si-y-Al (T=291°C, P=4bar)",,291,4,4.32E-09,1.89E-10,2.00E-10,(table 3),Brunetti 2007,
sol-gel: On steel,sol-gel On steel," by soak-rolling on SS-Si-y-Al (T=220°C, P=1bar)",,220,1,1.15E-10,3.86E-12,,(table 5),Brunetti 2007,
sol-gel: On steel,sol-gel On steel," by soak-rolling on SS-Si-y-Al (T=250°C, P=1bar)",,250,1,1.57E-10,5.23E-12,,(table 5),Brunetti 2007,
sol-gel: On steel,sol-gel On steel," by soak-rolling on SS-Si-y-Al (T=280°C, P=1bar)",,280,1,2.91E-10,1.45E-11,,(table 5),Brunetti 2007,
sol-gel: On steel,sol-gel On steel," by soak-rolling on SS-Si-y-Al (T=290°C, P=6bar)",,290,6,2.95E-08,1.28E-09,,"before reaction (figure 3,4)",Brunetti 2007 2,
sol-gel: On steel,sol-gel On steel," by soak-rolling on SS-Si-y-Al (T=250°C, P=6bar)",,250,6,1.50E-08,4.29E-10,,"before reaction (figure 3,4)",Brunetti 2007 2,
sol-gel: On steel,sol-gel On steel," by soak-rolling on SS-Si-y-Al (T=225°C, P=6bar)",,225,6,1.06E-08,3.03E-10,,"before reaction (figure 3,4)",Brunetti 2007 2,
sol-gel: On steel,sol-gel On steel," by soak-rolling on SS-Si-y-Al (T=290°C, P=6bar)",,290,6,4.32E-09,2.16E-10,,"after reaction (figure 3,4)",Brunetti 2007 2,
sol-gel: On steel,sol-gel On steel," by soak-rolling on SS-Si-y-Al (T=250°C, P=6bar)",,250,6,2.30E-09,7.67E-11,,"after reaction (figure 3,4)",Brunetti 2007 2,
sol-gel: On steel,sol-gel On steel," by soak-rolling on SS-Si-y-Al (T=225°C, P=6bar)",,225,6,1.75E-09,5.83E-11,,"after reaction (figure 3,4)",Brunetti 2007 2,
sol-gel,sol-gel Si," by dip coating (T=20°C, P=3bar)",,20,3,1.81E-09,1.35E-10,,T (figure 5),Diniz da Costa 2002,
sol-gel,sol-gel Si," by dip coating (T=50°C, P=3bar)",,50,3,1.86E-09,1.30E-10,,T (figure 5),Diniz da Costa 2002,
sol-gel,sol-gel Si," by dip coating (T=100°C, P=3bar)",,100,3,2.70E-09,1.51E-10,,T (figure 5),Diniz da Costa 2002,
sol-gel,sol-gel Si," by dip coating (T=150°C, P=3bar)",,150,3,5.13E-09,2.05E-10,,T (figure 5),Diniz da Costa 2002,
sol-gel,sol-gel Si," by dip coating (T=150°C, P=3bar)",,150,3,1.01E-08,3.13E-10,,T (figure 7),Diniz da Costa 2002,
sol-gel,sol-gel Si," by dip coating (T=150°C, P=3bar)",,150,3,8.83E-09,1.20E-10,,TS (figure 7),Diniz da Costa 2002,
CVD: Si-Co,CVD Si-Co," on a-y-Al (T=100°C, P=-bar)",,100,-,7.08E-08,7.62E-09,1.94E-08,(figure 6),Diniz da Costa 2008,
CVD: Si-Co,CVD Si-Co," on a-y-Al (T=200°C, P=-bar)",,200,-,7.17E-08,8.71E-09,1.70E-08,(figure 6),Diniz da Costa 2008,
CVD: Si-Co,CVD Si-Co," on a-y-Al (T=300°C, P=-bar)",,300,-,1.17E-07,8.07E-09,1.68E-08,(figure 6),Diniz da Costa 2008,
CVD: Si-Co,CVD Si-Co," on a-y-Al (T=400°C, P=-bar)",,400,-,1.26E-07,7.39E-09,1.53E-08,(figure 6),Diniz da Costa 2008,
sol-gel: Si-Co,sol-gel Si-Co," by dip coating on a-y-Al (T=50°C, P=-bar)",,50,-,3.80E-09,3.77E-10,3.72E-10,(figure 4),Diniz da Costa 2009,
sol-gel: Si-Co,sol-gel Si-Co," by dip coating on a-y-Al (T=100°C, P=-bar)",,100,-,7.99E-09,2.51E-10,3.59E-10,(figure 4),Diniz da Costa 2009,
sol-gel: Si-Co,sol-gel Si-Co," by dip coating on a-y-Al (T=150°C, P=-bar)",,150,-,1.63E-08,2.16E-10,2.06E-10,(figure 4),Diniz da Costa 2009,
sol-gel,sol-gel Si," by dip coating (T=300°C, P=3bar)",,300,3,6.48E-07,9.20E-09,,Si600 (table 2),de Vos 1998,
sol-gel,sol-gel Si," by dip coating (T=250°C, P=3bar)",,250,3,5.37E-07,1.00E-08,,Si600 (table 2),de Vos 1998,
sol-gel,sol-gel Si," by dip coating (T=200°C, P=3bar)",,200,3,4.12E-07,1.10E-08,,Si600 (table 2),de Vos 1998,
sol-gel,sol-gel Si," by dip coating (T=150°C, P=3bar)",,150,3,3.38E-07,1.30E-08,,Si600 (table 2),de Vos 1998,
sol-gel,sol-gel Si," by dip coating (T=100°C, P=3bar)",,100,3,2.60E-07,1.40E-08,,Si600 (table 2),de Vos 1998,
sol-gel,sol-gel Si," by dip coating (T=300°C, P=2.5bar)",,300,2.5,6.47E-07,7.80E-09,,Si600 (table 2),de Vos 1998,
sol-gel,sol-gel Si," by dip coating (T=250°C, P=2.5bar)",,250,2.5,5.40E-07,9.10E-09,,Si600 (table 2),de Vos 1998,
sol-gel,sol-gel Si," by dip coating (T=200°C, P=2.5bar)",,200,2.5,4.15E-07,9.70E-09,,Si600 (table 2),de Vos 1998,
sol-gel,sol-gel Si," by dip coating (T=150°C, P=2.5bar)",,150,2.5,3.37E-07,1.10E-08,,Si600 (table 2),de Vos 1998,
sol-gel,sol-gel Si," by dip coating (T=100°C, P=2.5bar)",,100,2.5,2.56E-07,1.30E-08,,Si600 (table 2),de Vos 1998,
sol-gel,sol-gel Si," by dip coating (T=300°C, P=2bar)",,300,2,6.41E-07,4.60E-09,,Si600 (table 2),de Vos 1998,
sol-gel,sol-gel Si," by dip coating (T=250°C, P=2bar)",,250,2,5.32E-07,6.50E-09,,Si600 (table 2),de Vos 1998,
sol-gel,sol-gel Si," by dip coating (T=200°C, P=2bar)",,200,2,4.03E-07,6.10E-09,,Si600 (table 2),de Vos 1998,
sol-gel,sol-gel Si," by dip coating (T=100°C, P=2bar)",,100,2,2.49E-07,9.40E-09,,Si600 (table 2),de Vos 1998,
sol-gel,sol-gel Si," by dip coating (T=25°C, P=0.5bar)",,25,0.5,7.33E-07,2.51E-07,,Si400 (table 2),de Vos 1998,
sol-gel,sol-gel Si," by dip coating (T=50°C, P=0.5bar)",,50,0.5,9.65E-07,2.94E-07,,Si400 (table 2),de Vos 1998,
sol-gel,sol-gel Si," by dip coating (T=100°C, P=0.5bar)",,100,0.5,1.27E-06,2.64E-07,,Si400 (table 2),de Vos 1998,
sol-gel,sol-gel Si," by dip coating (T=25°C, P=1bar)",,25,1,5.91E-07,2.28E-07,1.00E-08,Si400 (table 2),de Vos 1998,
sol-gel,sol-gel Si," by dip coating (T=50°C, P=1bar)",,50,1,8.19E-07,2.76E-07,1.50E-08,Si400 (table 2),de Vos 1998,
sol-gel,sol-gel Si," by dip coating (T=100°C, P=1bar)",,100,1,1.16E-06,2.91E-07,1.90E-08,Si400 (table 2),de Vos 1998,
sol-gel,sol-gel Si," by dip coating (T=150°C, P=1bar)",,150,1,1.67E-06,2.72E-07,2.20E-08,Si400 (table 2),de Vos 1998,
sol-gel,sol-gel Si," by dip coating (T=200°C, P=1bar)",,200,1,1.74E-06,2.31E-07,2.70E-08,Si400 (table 2),de Vos 1998,
sol-gel,sol-gel Si," by dip coating (T=25°C, P=1.5bar)",,25,1.5,5.31E-07,2.14E-07,1.00E-08,Si400 (table 2),de Vos 1998,
sol-gel,sol-gel Si," by dip coating (T=50°C, P=1.5bar)",,50,1.5,7.70E-07,2.65E-07,1.40E-08,Si400 (table 2),de Vos 1998,
sol-gel,sol-gel Si," by dip coating (T=100°C, P=1.5bar)",,100,1.5,1.15E-06,3.07E-07,,Si400 (table 2),de Vos 1998,
sol-gel,sol-gel Si," by dip coating (T=25°C, P=2bar)",,25,2,5.03E-07,2.06E-07,1.00E-08,Si400 (table 2),de Vos 1998,
sol-gel,sol-gel Si," by dip coating (T=50°C, P=2bar)",,50,2,7.35E-07,2.62E-07,1.30E-08,Si400 (table 2),de Vos 1998,
sol-gel,sol-gel Si," by dip coating (T=100°C, P=2bar)",,100,2,1.13E-06,3.19E-07,,Si400 (table 2),de Vos 1998,
sol-gel,sol-gel Si," by dip coating (T=25°C, P=2.5bar)",,25,2.5,4.85E-07,2.01E-07,9.00E-09,Si400 (table 2),de Vos 1998,
sol-gel,sol-gel Si," by dip coating (T=50°C, P=2.5bar)",,50,2.5,7.21E-07,2.61E-07,1.30E-08,Si400 (table 2),de Vos 1998,
sol-gel,sol-gel Si," by dip coating (T=25°C, P=3bar)",,25,3,4.72E-07,,9.00E-09,Si400 (table 2),de Vos 1998,
sol-gel,sol-gel Si," by dip coating (T=50°C, P=3bar)",,50,3,7.04E-07,,1.20E-08,Si400 (table 2),de Vos 1998,
sol-gel: Carbonised,sol-gel Carbonised," by dip coating (T=100°C, P=0.5bar)",,100,0.5,2.22E-06,4.84E-07,2.52E-07,MeSi400 (table 2),de Vos 1999,
sol-gel: Carbonised,sol-gel Carbonised," by dip coating (T=125°C, P=0.5bar)",,125,0.5,2.27E-06,4.62E-07,2.46E-07,MeSi400 (table 2),de Vos 1999,
sol-gel: Carbonised,sol-gel Carbonised," by dip coating (T=150°C, P=0.5bar)",,150,0.5,2.16E-06,4.33E-07,2.43E-07,MeSi400 (table 2),de Vos 1999,
sol-gel: Carbonised,sol-gel Carbonised," by dip coating (T=175°C, P=0.5bar)",,175,0.5,2.13E-06,4.21E-07,2.41E-07,MeSi400 (table 2),de Vos 1999,
sol-gel: Carbonised,sol-gel Carbonised," by dip coating (T=200°C, P=0.5bar)",,200,0.5,2.06E-06,3.80E-07,2.33E-07,MeSi400 (table 2),de Vos 1999,
sol-gel: Carbonised,sol-gel Carbonised," by dip coating (T=225°C, P=0.5bar)",,225,0.5,2.03E-06,3.58E-07,2.28E-07,MeSi400 (table 2),de Vos 1999,
sol-gel: Carbonised,sol-gel Carbonised," by dip coating (T=250°C, P=0.5bar)",,250,0.5,2.01E-06,3.29E-07,2.25E-07,MeSi400 (table 2),de Vos 1999,
sol-gel: Carbonised,sol-gel Carbonised," by dip coating (T=275°C, P=0.5bar)",,275,0.5,1.96E-06,3.02E-07,2.27E-07,MeSi400 (table 2),de Vos 1999,
sol-gel: Carbonised,sol-gel Carbonised," by dip coating (T=300°C, P=0.5bar)",,300,0.5,1.86E-06,2.71E-07,2.11E-07,MeSi400 (table 2),de Vos 1999,
sol-gel: Carbonised,sol-gel Carbonised," by dip coating (T=100°C, P=1bar)",,100,1,2.27E-06,5.05E-07,2.75E-07,MeSi400 (table 2),de Vos 1999,
sol-gel: Carbonised,sol-gel Carbonised," by dip coating (T=125°C, P=1bar)",,125,1,2.24E-06,4.78E-07,2.68E-07,MeSi400 (table 2),de Vos 1999,
sol-gel: Carbonised,sol-gel Carbonised," by dip coating (T=150°C, P=1bar)",,150,1,2.22E-06,4.54E-07,2.61E-07,MeSi400 (table 2),de Vos 1999,
sol-gel: Carbonised,sol-gel Carbonised," by dip coating (T=175°C, P=1bar)",,175,1,2.18E-06,4.30E-07,2.62E-07,MeSi400 (table 2),de Vos 1999,
sol-gel: Carbonised,sol-gel Carbonised," by dip coating (T=200°C, P=1bar)",,200,1,2.09E-06,4.14E-07,2.55E-07,MeSi400 (table 2),de Vos 1999,
sol-gel: Carbonised,sol-gel Carbonised," by dip coating (T=225°C, P=1bar)",,225,1,2.05E-06,3.82E-07,2.48E-07,MeSi400 (table 2),de Vos 1999,
sol-gel: Carbonised,sol-gel Carbonised," by dip coating (T=250°C, P=1bar)",,250,1,2.04E-06,3.65E-07,2.44E-07,MeSi400 (table 2),de Vos 1999,
sol-gel: Carbonised,sol-gel Carbonised," by dip coating (T=275°C, P=1bar)",,275,1,1.95E-06,3.31E-07,2.40E-07,MeSi400 (table 2),de Vos 1999,
sol-gel: Carbonised,sol-gel Carbonised," by dip coating (T=300°C, P=1bar)",,300,1,1.91E-06,2.97E-07,2.34E-07,MeSi400 (table 2),de Vos 1999,
sol-gel: Carbonised,sol-gel Carbonised," by dip coating (T=100°C, P=1.5bar)",,100,1.5,2.40E-06,5.15E-07,2.87E-07,MeSi400 (table 2),de Vos 1999,
sol-gel: Carbonised,sol-gel Carbonised," by dip coating (T=125°C, P=1.5bar)",,125,1.5,2.36E-06,4.92E-07,2.80E-07,MeSi400 (table 2),de Vos 1999,
sol-gel: Carbonised,sol-gel Carbonised," by dip coating (T=150°C, P=1.5bar)",,150,1.5,2.33E-06,4.73E-07,2.72E-07,MeSi400 (table 2),de Vos 1999,
sol-gel: Carbonised,sol-gel Carbonised," by dip coating (T=175°C, P=1.5bar)",,175,1.5,2.31E-06,4.44E-07,2.68E-07,MeSi400 (table 2),de Vos 1999,
sol-gel: Carbonised,sol-gel Carbonised," by dip coating (T=200°C, P=1.5bar)",,200,1.5,2.20E-06,4.11E-07,2.61E-07,MeSi400 (table 2),de Vos 1999,
sol-gel: Carbonised,sol-gel Carbonised," by dip coating (T=225°C, P=1.5bar)",,225,1.5,2.14E-06,3.88E-07,2.57E-07,MeSi400 (table 2),de Vos 1999,
sol-gel: Carbonised,sol-gel Carbonised," by dip coating (T=250°C, P=1.5bar)",,250,1.5,2.12E-06,3.67E-07,2.56E-07,MeSi400 (table 2),de Vos 1999,
sol-gel: Carbonised,sol-gel Carbonised," by dip coating (T=275°C, P=1.5bar)",,275,1.5,1.99E-06,3.40E-07,2.53E-07,MeSi400 (table 2),de Vos 1999,
sol-gel: Carbonised,sol-gel Carbonised," by dip coating (T=300°C, P=1.5bar)",,300,1.5,1.94E-06,3.08E-07,2.45E-07,MeSi400 (table 2),de Vos 1999,
sol-gel: Carbonised,sol-gel Carbonised," by dip coating (T=100°C, P=2bar)",,100,2,2.43E-06,5.18E-07,2.94E-07,MeSi400 (table 2),de Vos 1999,
sol-gel: Carbonised,sol-gel Carbonised," by dip coating (T=125°C, P=2bar)",,125,2,2.42E-06,4.89E-07,2.87E-07,MeSi400 (table 2),de Vos 1999,
sol-gel: Carbonised,sol-gel Carbonised," by dip coating (T=150°C, P=2bar)",,150,2,2.37E-06,4.64E-07,2.79E-07,MeSi400 (table 2),de Vos 1999,
sol-gel: Carbonised,sol-gel Carbonised," by dip coating (T=175°C, P=2bar)",,175,2,2.33E-06,4.47E-07,2.75E-07,MeSi400 (table 2),de Vos 1999,
sol-gel: Carbonised,sol-gel Carbonised," by dip coating (T=200°C, P=2bar)",,200,2,2.23E-06,4.05E-07,2.67E-07,MeSi400 (table 2),de Vos 1999,
sol-gel: Carbonised,sol-gel Carbonised," by dip coating (T=225°C, P=2bar)",,225,2,2.18E-06,3.91E-07,2.67E-07,MeSi400 (table 2),de Vos 1999,
sol-gel: Carbonised,sol-gel Carbonised," by dip coating (T=250°C, P=2bar)",,250,2,2.16E-06,3.73E-07,2.26E-06,MeSi400 (table 2),de Vos 1999,
sol-gel: Carbonised,sol-gel Carbonised," by dip coating (T=275°C, P=2bar)",,275,2,2.04E-06,3.47E-07,2.61E-07,MeSi400 (table 2),de Vos 1999,
sol-gel,sol-gel Si,by dip coating (T=30°C),,30,,6.76E-07,4.07E-07,3.72E-08,"Al3-Sil-A (figure 5,6,8)",de Lange 1995,
sol-gel,sol-gel Si,by dip coating (T=100°C),,100,,1.20E-06,5.99E-07,5.66E-08,"Al3-Sil-A (figure 5,6,8)",de Lange 1995,
sol-gel,sol-gel Si,by dip coating (T=200°C),,200,,1.50E-06,6.08E-07,8.00E-08,"Al3-Sil-A (figure 5,6,8)",de Lange 1995,
sol-gel,sol-gel Si,by dip coating (T=200°C),,200,,2.17E-06,6.80E-07,,Al3-Sil-A (table 5),de Lange 1995,
sol-gel,sol-gel Si,by dip coating (T=200°C),,200,,1.60E-06,5.50E-07,,Al3-Sil-B (table 5),de Lange 1995,
sol-gel,sol-gel Si,by dip coating (T=200°C),,200,,1.30E-06,3.50E-07,,Al3-Sil-C (table 5),de Lange 1995,
sol-gel,sol-gel Si,by dip coating (T=200°C),,200,,1.80E-06,5.50E-07,,Al3-Sil-D (table 5),de Lange 1995,
sol-gel,sol-gel Si,by dip coating (T=200°C),,200,,1.79E-06,5.10E-07,,Al3-Sil-E (table 5),de Lange 1995,
sol-gel,sol-gel Si,by dip coating (T=200°C),,200,,2.22E-06,6.00E-07,,Al3-Sil-F (table 5),de Lange 1995,
sol-gel,sol-gel Si,by dip coating (T=200°C),,200,,2.18E-06,,4.70E-07,Al3-Sil-G (table 5),de Lange 1995,
sol-gel,sol-gel Si,by dip coating (T=200°C),,200,,2.30E-06,5.20E-07,,Al3-Sil-H (table 5),de Lange 1995,
sol-gel,sol-gel Si,by dip coating (T=25°C),,25,,6.50E-07,2.50E-07,3.49E-08,Al3-Sil-I (table 2),de Lange 1995,
sol-gel,sol-gel Si,by dip coating (T=200°C),,200,,1.60E-06,3.00E-07,6.99E-08,Al3-Sil-I (table 2),de Lange 1995,
sol-gel,sol-gel Si,by dip coating (T=200°C),,200,,2.00E-06,8.50E-07,,Al3-Sil-K (table 5),de Lange 1995,
sol-gel,sol-gel Si,by dip coating (T=50°C),,50,,1.20E-06,4.50E-07,,Al1-Sil-A (table 5),de Lange 1995,
sol-gel,sol-gel Si,by dip coating (T=200°C),,200,,2.30E-06,5.48E-07,,Al1-Sil-A (table 5),de Lange 1995,
sol-gel,sol-gel Si," by dip coating (T=50°C, P=1bar)",,50,1,5.90E-07,3.00E-07,,Al1-Sil-C (table 3),de Lange 1995 4,
sol-gel,sol-gel Si," by dip coating (T=150°C, P=1bar)",,150,1,7.90E-07,2.90E-07,,Al1-Sil-C (table 3),de Lange 1995 4,
sol-gel,sol-gel Si," by dip coating (T=250°C, P=1bar)",,250,1,1.05E-06,2.50E-07,,Al1-Sil-C (table 3),de Lange 1995 4,
sol-gel,sol-gel Si," by dip coating (T=50°C, P=1bar)",,50,1,1.38E-06,5.00E-07,,Al3-Si2-600A (table 5),de Lange 1995 4,
sol-gel,sol-gel Si," by dip coating (T=150°C, P=1bar)",,150,1,1.60E-06,4.00E-07,,Al3-Si2-600A (table 5),de Lange 1995 4,
sol-gel,sol-gel Si," by dip coating (T=250°C, P=1bar)",,250,1,1.70E-06,3.20E-07,,Al3-Si2-600A (table 5),de Lange 1995 4,
sol-gel,sol-gel Si," by dip coating (T=30°C, P=0.2bar)",,30,0.2,2.91E-07,2.43E-07,,"(figure 10,11)",de Lange 1995 6,
sol-gel,sol-gel Si,by dip coating (T=100°C),,100,,7.78E-07,3.07E-07,,"(figure 10,11)",de Lange 1995 6,
sol-gel,sol-gel Si,by dip coating (T=200°C),,200,,1.29E-06,3.54E-07,,"(figure 10,11)",de Lange 1995 6,
sol-gel,sol-gel Si,by dip coating (T=50°C),,50,,1.50E-07,3.56E-09,,"Al3-Si2-A (figure 12,13)",de Lange 1995 6,
sol-gel,sol-gel Si,by dip coating (T=100°C),,100,,2.81E-07,1.82E-09,,"Al3-Si2-A (figure 12,13)",de Lange 1995 6,
sol-gel,sol-gel Si,by dip coating (T=200°C),,200,,3.31E-07,2.09E-09,,"Al3-Si2-A (figure 12,13)",de Lange 1995 6,
sol-gel,sol-gel Si," by dip coating (T=200°C, P=3bar)",,200,3,7.40E-07,8.00E-08,,A13-SiTi10Bu2 (table 4),de Lange 1995 6,
sol-gel,sol-gel Si," by dip coating (T=200°C, P=3bar)",,200,3,1.31E-06,1.60E-07,,AI3-SiTi10Pr2 (table 4),de Lange 1995 6,
sol-gel,sol-gel Si," by dip coating (T=200°C, P=3bar)",,200,3,2.30E-07,5.00E-08,,AI3-SiAI10 (table 4),de Lange 1995 6,
sol-gel,sol-gel Si," by dip coating (T=40°C, P=3bar)",,40,3,4.10E-07,3.18E-07,,AI3-Si1-B (table 3),de Lange 1995 7,
sol-gel,sol-gel Si," by dip coating (T=100°C, P=3bar)",,100,3,6.66E-07,5.50E-07,,"AI3-Si1-B (figure 6,7)",de Lange 1995 7,
sol-gel,sol-gel Si," by dip coating (T=200°C, P=3bar)",,200,3,2.17E-06,6.80E-07,,AI3-Si1-B (table 3),de Lange 1995 7,
sol-gel,sol-gel Si," by dip coating (T=50°C, P=1bar)",,50,1,3.91E-08,2.73E-08,1.90E-09,MSS (figure 4a),Duke 2004 MC,
sol-gel,sol-gel Si," by dip coating (T=100°C, P=1bar)",,100,1,4.42E-08,1.86E-08,2.12E-09,MSS (figure 4a),Duke 2004 MC,
sol-gel,sol-gel Si," by dip coating (T=120°C, P=1bar)",,120,1,4.58E-08,1.51E-08,2.22E-09,MSS (figure 4a),Duke 2004 MC,
sol-gel,sol-gel Si," by dip coating (T=150°C, P=1bar)",,150,1,4.76E-08,1.30E-08,2.31E-09,MSS (figure 4a),Duke 2004 MC,
sol-gel,sol-gel Si," by dip coating (T=170°C, P=1bar)",,170,1,4.76E-08,1.18E-08,2.45E-09,MSS (figure 4a),Duke 2004 MC,
sol-gel,sol-gel Si," by dip coating (T=200°C, P=1bar)",,200,1,4.83E-08,9.32E-09,2.58E-09,MSS (figure 4a),Duke 2004 MC,
sol-gel: Carbonised,sol-gel Carbonised," by dip coating (T=100°C, P=1bar)",,100,1,1.52E-08,6.02E-09,7.10E-10,CTMSS (figure 4b),Duke 2004 MC,
sol-gel: Carbonised,sol-gel Carbonised," by dip coating (T=120°C, P=1bar)",,120,1,1.75E-08,5.24E-09,8.74E-10,CTMSS (figure 4b),Duke 2004 MC,
sol-gel: Carbonised,sol-gel Carbonised," by dip coating (T=170°C, P=1bar)",,170,1,1.96E-08,4.41E-09,1.18E-09,CTMSS (figure 4b),Duke 2004 MC,
sol-gel: Carbonised,sol-gel Carbonised," by dip coating (T=200°C, P=1bar)",,200,1,2.07E-08,3.50E-09,1.34E-09,CTMSS (figure 4b),Duke 2004 MC,
sol-gel,sol-gel Si,by dip coating (T=50°C),,50,,2.29E-09,8.31E-10,3.23E-10,(figure 3a),Duke 2004 M,
sol-gel,sol-gel Si,by dip coating (T=100°C),,100,,2.60E-09,6.45E-10,3.29E-10,(figure 3a),Duke 2004 M,
sol-gel,sol-gel Si,by dip coating (T=150°C),,150,,2.81E-09,5.57E-10,3.53E-10,(figure 3a),Duke 2004 M,
sol-gel,sol-gel Si,by dip coating (T=200°C),,200,,2.92E-09,4.44E-10,4.26E-10,(figure 3a),Duke 2004 M,
sol-gel,sol-gel Si,by dip coating (T=250°C),,250,,2.71E-09,4.02E-10,4.50E-10,(figure 3a),Duke 2004 M,
sol-gel,sol-gel Si,by dip coating (T=150°C),,150,,2.00E-08,2.99E-10,,da costa 2002 (table 1),Duke 2004 M,
sol-gel,sol-gel Si,by dip coating (T=100°C),,100,,1.00E-07,9.09E-09,,kusakabe 1999 (table 1),Duke 2004 M,
sol-gel,sol-gel Si,by dip coating (T=150°C),,150,,1.70E-06,2.70E-07,,de Vos 1998 (table 1),Duke 2004 M,
sol-gel,sol-gel Si,by dip coating (T=150°C),,150,,6.80E-07,2.27E-07,,Tsai 200 (table 1),Duke 2004 M,
sol-gel,sol-gel Si,by dip coating (T=40°C),,40,,1.06E-06,3.03E-07,2.25E-07,(figure 2b),Duke 2006 1,
sol-gel,sol-gel Si,by dip coating (T=100°C),,100,,1.35E-06,2.99E-07,2.30E-07,(figure 2b),Duke 2006 1,
sol-gel,sol-gel Si,by dip coating (T=200°C),,200,,1.59E-06,2.69E-07,2.19E-07,(figure 2b),Duke 2006 1,
sol-gel,sol-gel Si,by dip coating (T=300°C),,300,,1.84E-06,1.96E-07,1.59E-07,(figure 2b),Duke 2006 1,
sol-gel,sol-gel Si,by dip coating (T=400°C),,400,,2.27E-06,1.61E-07,1.03E-07,(figure 2b),Duke 2006 1,
sol-gel,sol-gel Si,by dip coating (T=200°C),,200,,1.80E-07,4.30E-08,2.30E-08,SG1 (table 3),Duke 2008 1,
sol-gel: Carbonised,sol-gel Carbonised,by dip coating (T=200°C),,200,,3.50E-08,8.80E-09,3.50E-09,SC1 (table 3),Duke 2008 1,
sol-gel,sol-gel Si,by dip coating (T=200°C),,200,,9.10E-08,1.10E-08,4.60E-09,SG2 (table 3),Duke 2008 1,
sol-gel: Carbonised,sol-gel Carbonised,by dip coating (T=20°C),,20,,1.11E-06,3.66E-07,,(table 2),Giessler 2003,
sol-gel: Carbonised,sol-gel Carbonised,by dip coating (T=100°C),,100,,1.22E-06,2.90E-07,,(table 2),Giessler 2003,
sol-gel: Carbonised,sol-gel Carbonised,by dip coating (T=200°C),,200,,1.52E-06,2.58E-07,,(table 2),Giessler 2003,
sol-gel,sol-gel Si,by dip coating (T=20°C),,20,,7.78E-10,1.38E-10,,(table 3),Giessler 2003,
sol-gel,sol-gel Si,by dip coating (T=100°C),,100,,3.02E-09,3.98E-10,,(table 3),Giessler 2003,
sol-gel,sol-gel Si,by dip coating (T=200°C),,200,,6.83E-09,6.36E-10,,(table 3),Giessler 2003,
CVD,CVD Si,(T=40°C),,40,,1.49E-10,3.64E-12,8.91E-12,module (figure 4),Gopalakrishnan 2006 1,
CVD,CVD Si,(T=300°C),,300,,5.99E-09,2.41E-12,7.63E-12,module (figure 4),Gopalakrishnan 2006 1,
CVD,CVD Si,(T=600°C),,600,,4.15E-08,6.39E-12,7.92E-12,module (figure 4),Gopalakrishnan 2006 1,
CVD,CVD Si,(T=100°C),,100,,1.72E-09,,4.91E-11,single membrane (figure 5),Gopalakrishnan 2006 1,
CVD,CVD Si,(T=300°C),,300,,2.27E-08,,3.01E-11,single membrane (figure 5),Gopalakrishnan 2006 1,
CVD,CVD Si,(T=500°C),,500,,7.44E-08,,7.99E-11,single membrane (figure 5),Gopalakrishnan 2006 1,
CVD,CVD Si,(T=600°C),,600,,8.66E-08,,7.16E-11,single membrane (figure 5),Gopalakrishnan 2006 1,
CVD,CVD Si,(T=100°C),,100,,5.04E-07,8.43E-08,3.54E-08,(figure 2),Gopalakrishnan 2008,
CVD,CVD Si,(T=200°C),,200,,5.26E-07,4.56E-08,2.86E-08,(figure 2),Gopalakrishnan 2008,
CVD,CVD Si,(T=400°C),,400,,6.16E-07,2.75E-08,2.18E-08,(figure 2),Gopalakrishnan 2008,
CVD,CVD Si,(T=300°C),,300,,7.06E-07,2.13E-08,1.56E-08,(figure 2),Gopalakrishnan 2008,
sol-gel,sol-gel Si,by dip coating (T=150°C),,150,,8.12E-08,1.51E-08,7.56E-09,SiO2 (table 1),Gu 2003,
CVD,CVD Si," (T=600°C, t=3h, P=1bar)",3.00,600,1,2.10E-07,2.10E-09,,(figure 12a),Gu 2007 1,
CVD,CVD Si," (T=600°C, t=4h, P=1bar)",4.00,600,1,2.05E-07,7.32E-10,,(figure 12a),Gu 2007 1,
CVD,CVD Si," (T=600°C, t=5h, P=1bar)",5.00,600,1,1.90E-07,3.65E-10,,(figure 12a),Gu 2007 1,
CVD,CVD Si," (T=600°C, t=3h, P=1bar)",3.00,600,1,5.00E-07,3.00E-10,,(figure 12b),Gu 2007 1,
CVD: Si-Al-O,CVD Si-Al-O," by Si-0.2Al (T=600°C, t=3h)",3.00,600,,2.62E-07,9.28E-09,,0.2Si-Al (figure 3),Gu 2008,
CVD: Si-Al-O,CVD Si-Al-O," by Si-0.2Al (T=600°C, t=4.5h)",4.50,600,,1.62E-07,2.59E-10,,0.2Si-Al (figure 3),Gu 2008,
CVD: Si-Al-O,CVD Si-Al-O," by Si-0.3Al (T=600°C, t=3h)",3.00,600,,1.23E-06,1.86E-07,,0.3Si-Al (figure 4),Gu 2008,
CVD: Si-Al-O,CVD Si-Al-O," by Si-0.3Al (T=600°C, t=6h)",6.00,600,,2.10E-07,1.08E-09,,0.3Si-Al (figure 4),Gu 2008,
CVD: Si-Al-O,CVD Si-Al-O,by Si-0.3Al (T=600°C),,600,,1.00E-07,5.88E-10,,5nm pore size alumina (table 3),Gu 2008,
CVD: Si-Al-O,CVD Si-Al-O,by Si-0.3Al (T=600°C),,600,,1.60E-07,2.71E-10,,100nm pore size alumina (table 3),Gu 2008,
CVD: Si-Al-O,CVD Si-Al-O,by Si-0.2Al (T=600°C),,600,,2.01E-07,2.66E-10,,0.2Si-Al (figure 7),Gu 2008,
CVD: Si-Ti-O,CVD Si-Ti-O," by Si-0.065Ti (T=500°C, t=3h)",3.00,500,,2.02E-06,4.04E-07,,TIP/TEOS 0.065 (figure 4),Gu 2009,
CVD: Si-Ti-O,CVD Si-Ti-O," by Si-0.065Ti (T=500°C, t=6h)",6.00,500,,7.00E-07,9.72E-08,,TIP/TEOS 0.066 (figure 4),Gu 2009,
CVD: Si-Ti-O,CVD Si-Ti-O," by Si-0.065Ti (T=500°C, t=9h)",9.00,500,,5.02E-07,5.58E-08,,TIP/TEOS 0.067 (figure 4),Gu 2009,
CVD: Si-Ti-O,CVD Si-Ti-O," by Si-0.065Ti (T=500°C, t=11h)",11.00,500,,4.30E-07,4.28E-08,,TIP/TEOS 0.068 (figure 4),Gu 2009,
CVD: Si-Ti-O,CVD Si-Ti-O," by Si-0.065Ti (T=500°C, t=13h)",13.00,500,,4.00E-07,3.93E-08,,TIP/TEOS 0.069 (figure 4),Gu 2009,
CVD: Si-Ti-O,CVD Si-Ti-O," by Si-0.065Ti (T=500°C, t=16h)",16.00,500,,3.10E-07,2.97E-08,,TIP/TEOS 0.070 (figure 4),Gu 2009,
CVD: Si-Ti-O,CVD Si-Ti-O," by standard (T=600°C, t=3h)",3.00,600,,4.40E-07,1.52E-08,,(figure 7),Gu 2009,
CVD: Si-Ti-O,CVD Si-Ti-O," by standard (T=600°C, t=6h)",6.00,600,,3.10E-07,9.75E-09,,(figure 7),Gu 2009,
CVD: Si-Ti-O,CVD Si-Ti-O," by Opposing reactants (T=600°C, t=3h)",3.00,600,,1.75E-07,1.48E-08,,(figure 7),Gu 2009,
CVD: Si-Ti-O,CVD Si-Ti-O," by Opposing reactants (T=600°C, t=5h)",5.00,600,,1.25E-07,9.54E-09,,(figure 7),Gu 2009,
CVD: Si-Ti-O,CVD Si-Ti-O," by Opposing reactants (T=400°C, t=3h)",3.00,400,,4.99E-06,2.35E-06,,(figure 9),Gu 2009,
CVD: Si-Ti-O,CVD Si-Ti-O," by Opposing reactants (T=400°C, t=6h)",6.00,400,,1.83E-06,4.55E-07,,(figure 9),Gu 2009,
CVD: Si-Ti-O,CVD Si-Ti-O," by Opposing reactants (T=400°C, t=9h)",9.00,400,,7.88E-07,1.85E-07,,(figure 9),Gu 2009,
CVD: Si-Ti-O,CVD Si-Ti-O," by Opposing reactants (T=400°C, t=12h)",12.00,400,,3.94E-07,7.50E-08,,(figure 9),Gu 2009,
CVD: Si-Ti-O,CVD Si-Ti-O," by Opposing reactants (T=400°C, t=15h)",15.00,400,,2.58E-07,4.53E-08,,(figure 9),Gu 2009,
CVD: Si-Ti-O,CVD Si-Ti-O," by Opposing reactants (T=400°C, t=18h)",18.00,400,,2.06E-07,2.36E-08,,(figure 9),Gu 2009,
CVD,CVD Si,(T=300°C),,300,,2.04E-09,,7.38E-10,M1 (figure 5),Hwang 1999,
CVD,CVD Si,(T=450°C),,450,,2.67E-09,,7.02E-10,M1 (figure 5),Hwang 1999,
CVD,CVD Si,(T=600°C),,600,,4.06E-09,,7.71E-10,M1 (figure 5),Hwang 1999,
CVD,CVD Si,(T=300°C),,300,,1.27E-09,,6.44E-11,M2 (figure 5),Hwang 1999,
CVD,CVD Si,(T=450°C),,450,,2.52E-09,,4.55E-11,M2 (figure 5),Hwang 1999,
CVD,CVD Si,(T=600°C),,600,,4.21E-09,,2.57E-11,M2 (figure 5),Hwang 1999,
CVD,CVD Si,(T=300°C),,300,,2.40E-07,,7.00E-08,S1 (figure 3a),Hwang 2000,
CVD,CVD Si,(T=450°C),,450,,2.32E-07,,5.58E-08,S1 (figure 3a),Hwang 2000,
CVD,CVD Si,(T=600°C),,600,,2.13E-07,,5.23E-08,S1 (figure 3a),Hwang 2000,
CVD,CVD Si,(T=300°C),,300,,1.44E-08,,3.90E-09,S2 (figure 3a),Hwang 2000,
CVD,CVD Si,(T=450°C),,450,,2.11E-08,,3.47E-09,S2 (figure 3a),Hwang 2000,
CVD,CVD Si,(T=600°C),,600,,2.98E-08,,3.08E-09,S2 (figure 3a),Hwang 2000,
CVD,CVD Si,(T=300°C),,300,,1.27E-09,,2.15E-10,S3 (figure 3a),Hwang 2000,
CVD,CVD Si,(T=450°C),,450,,2.85E-09,,1.13E-10,S3 (figure 3a),Hwang 2000,
CVD,CVD Si,(T=600°C),,600,,5.95E-09,,1.00E-10,S3 (figure 3a),Hwang 2000,
CVD,CVD Si,(T=300°C),,300,,1.45E-08,,4.75E-09,L1 (figure 3b),Hwang 2000,
CVD,CVD Si,(T=450°C),,450,,2.02E-08,,4.75E-09,L1 (figure 3b),Hwang 2000,
CVD,CVD Si,(T=600°C),,600,,2.86E-08,,4.13E-09,L1 (figure 3b),Hwang 2000,
CVD,CVD Si,(T=300°C),,300,,1.83E-09,,5.50E-11,L2 (figure 3b),Hwang 2000,
CVD,CVD Si,(T=450°C),,450,,3.91E-09,,7.35E-11,L2 (figure 3b),Hwang 2000,
CVD,CVD Si,(T=600°C),,600,,7.54E-09,,5.32E-11,L2 (figure 3b),Hwang 2000,
CVD,CVD Si," on y-a-Al (T=300°C, t=23h)",23.00,300,,4.35E-09,,2.15E-10,NS-1 (figure 3),Hwang 2003,
CVD,CVD Si," on y-a-Al (T=450°C, t=23h)",23.00,450,,9.83E-09,,2.54E-10,NS-1 (figure 3),Hwang 2003,
CVD,CVD Si," on y-a-Al (T=600°C, t=23h)",23.00,600,,1.36E-08,,2.65E-10,NS-1 (figure 3),Hwang 2003,
CVD,CVD Si," on y-a-Al (T=300°C, t=15h)",15.00,300,,2.35E-08,,4.35E-09,NS-2 (figure 3),Hwang 2003,
CVD,CVD Si," on y-a-Al (T=450°C, t=15h)",15.00,450,,2.64E-08,,5.16E-09,NS-2 (figure 3),Hwang 2003,
CVD,CVD Si," on y-a-Al (T=600°C, t=15h)",15.00,600,,3.64E-08,,4.81E-09,NS-2 (figure 3),Hwang 2003,
CVD,CVD Si," on y-a-Al (T=300°C, t=27h)",27.00,300,,6.26E-09,,4.34E-10,NS-3 (figure 3),Hwang 2003,
CVD,CVD Si," on y-a-Al (T=450°C, t=27h)",27.00,450,,1.14E-08,,4.66E-10,NS-3 (figure 3),Hwang 2003,
CVD,CVD Si," on y-a-Al (T=600°C, t=27h)",27.00,600,,1.77E-08,,2.75E-10,NS-3 (figure 3),Hwang 2003,
CVD,CVD Si," on y-a-Al (T=300°C, t=12h)",12.00,300,,5.40E-08,,6.97E-09,NS-4 (figure 3),Hwang 2003,
CVD,CVD Si," on y-a-Al (T=450°C, t=12h)",12.00,450,,6.05E-08,,7.82E-09,NS-4 (figure 3),Hwang 2003,
CVD,CVD Si," on y-a-Al (T=600°C, t=12h)",12.00,600,,6.79E-08,,8.77E-09,NS-4 (figure 3),Hwang 2003,
CVD,CVD Si," on a-Al (T=300°C, t=34h)",34.00,300,,1.77E-08,,4.54E-09,S-1 (figure 3),Hwang 2003,
CVD,CVD Si," on a-Al (T=450°C, t=34h)",34.00,450,,1.71E-08,,4.70E-09,S-1 (figure 3),Hwang 2003,
CVD,CVD Si," on a-Al (T=600°C, t=34h)",34.00,600,,1.83E-08,,4.70E-09,S-1 (figure 3),Hwang 2003,
sol-gel,sol-gel Si,by wet cloth (T=500°C),,500,,3.45E-07,,9.95E-10,before HT (figure 9),Igi 2008,
sol-gel,sol-gel Si,by wet cloth (T=500°C),,500,,1.85E-07,,2.50E-10,after HT (figure 9),Igi 2008,
sol-gel: Si-Co-O,sol-gel Si-Co-O,by wet cloth (T=500°C),,500,,7.72E-08,,1.38E-09,before HT (figure 9),Igi 2008,
sol-gel: Si-Co-O,sol-gel Si-Co-O,by wet cloth (T=500°C),,500,,6.01E-08,,1.12E-09,after HT (figure 9),Igi 2008,
sol-gel,sol-gel Si,by wet cloth (T=300°C),,300,,1.63E-08,,1.44E-09,(figure 10),Igi 2008,
sol-gel,sol-gel Si,by wet cloth (T=400°C),,400,,3.22E-08,,1.32E-09,(figure 10),Igi 2008,
sol-gel,sol-gel Si,by wet cloth (T=500°C),,500,,5.94E-08,,1.13E-09,(figure 10),Igi 2008,
sol-gel: Si-Co-O,sol-gel Si-Co-O,by wet cloth (T=300°C),,300,,6.93E-08,,3.68E-10,(figure 10),Igi 2008,
sol-gel: Si-Co-O,sol-gel Si-Co-O,by wet cloth (T=400°C),,400,,1.17E-07,,2.90E-10,(figure 10),Igi 2008,
sol-gel: Si-Co-O,sol-gel Si-Co-O,by wet cloth (T=500°C),,500,,1.83E-07,,2.48E-10,(figure 10),Igi 2008,
sol-gel: Si-Ni-O,sol-gel Si-Ni-O,by wet cloth (T=500°C),,500,,1.17E-08,1.08E-09,1.03E-09,0.1 Ni/(Si+Ni) (figure 2),Ikuhara 2007,
sol-gel: Si-Ni-O,sol-gel Si-Ni-O,by wet cloth (T=500°C),,500,,3.66E-08,4.67E-09,4.73E-09,0.3 Ni/(Si+Ni) (figure 2),Ikuhara 2007,
sol-gel: Si-Ni-O,sol-gel Si-Ni-O,by wet cloth (T=500°C),,500,,1.40E-07,1.68E-09,1.75E-09,0.2 Ni/(Si+Ni) (figure 2),Ikuhara 2007,
sol-gel,sol-gel Si,by wet cloth (T=500°C),,500,,1.05E-07,4.55E-09,2.55E-09,(figure 3),Iwamoto 2007,
sol-gel: Si-Ni-O,sol-gel Si-Ni-O,(T=300°C),,300,,2.36E-07,,5.77E-09,(figure 4a),Kanazashi 2006,
sol-gel: Si-Ni-O,sol-gel Si-Ni-O,(T=400°C),,400,,3.45E-07,,5.46E-09,(figure 4a),Kanazashi 2006,
sol-gel: Si-Ni-O,sol-gel Si-Ni-O,(T=500°C),,500,,4.69E-07,,5.00E-09,(figure 4a),Kanazashi 2006,
sol-gel: Si-Ni-O,sol-gel Si-Ni-O,(T=300°C),,300,,5.60E-07,,4.76E-08,(figure 4b),Kanazashi 2006,
sol-gel: Si-Ni-O,sol-gel Si-Ni-O,(T=400°C),,400,,8.36E-07,,4.27E-08,(figure 4b),Kanazashi 2006,
sol-gel: Si-Ni-O,sol-gel Si-Ni-O,(T=500°C),,500,,1.09E-06,,4.04E-08,(table *),Kanazashi 2006,
sol-gel: Si-Ni-O,sol-gel Si-Ni-O,(T=500°C),,500,,1.09E-06,,1.09E-08,steamed (figure 3),Kanazashi 2006,
sol-gel: Si-Ni-O,sol-gel Si-Ni-O,(T=500°C),,500,,4.68E-07,,1.30E-09,(figure 7),Kanazashi 2006,
sol-gel: Si-Ni-O,sol-gel Si-Ni-O,(T=300°C),,300,,2.02E-07,,1.14E-09,(figure 8),Kanazashi 2006,
sol-gel: Si-Ni-O,sol-gel Si-Ni-O,(T=400°C),,400,,3.16E-07,,1.10E-09,(figure 8),Kanazashi 2006,
sol-gel: Si-Ni-O,sol-gel Si-Ni-O,(T=500°C),,500,,4.59E-07,,1.04E-09,(figure 8),Kanazashi 2006,
sol-gel: Carbonised,sol-gel Carbonised,(T=200°C),,200,,8.27E-06,,9.22E-07,M-1 (table 1),Kanazashi 2010,
sol-gel: Carbonised,sol-gel Carbonised,(T=200°C),,200,,5.67E-06,,2.49E-07,M-3 (table 1),Kanazashi 2010,
sol-gel: Carbonised,sol-gel Carbonised,(T=200°C),,200,,3.28E-06,,2.22E-07,M-4 (table 1),Kanazashi 2010,
sol-gel: Carbonised,sol-gel Carbonised,by wet cloth (T=100°C),,100,,6.13E-06,2.23E-06,2.31E-07,(figure 10),Kanazashi 2010,
sol-gel: Carbonised,sol-gel Carbonised,by wet cloth (T=200°C),,200,,5.67E-06,1.25E-06,2.53E-07,(figure 10),Kanazashi 2010,
sol-gel: Carbonised,sol-gel Carbonised,by wet cloth (T=300°C),,300,,6.58E-06,9.38E-07,3.22E-07,(figure 10),Kanazashi 2010,
sol-gel: Carbonised,sol-gel Carbonised,(T=300°C),,300,,8.45E-06,,5.72E-07,(figure 12),Kanazashi 2010,
sol-gel: Carbonised,sol-gel Carbonised,(T=300°C),,300,,3.26E-06,,2.29E-07,(figure 13),Kanazashi 2010,
sol-gel,sol-gel Si,(T=50°C),,50,,1.26E-06,,8.73E-08,(figure 4a),Kanazashi 2010 1,
sol-gel,sol-gel Si,(T=100°C),,100,,1.41E-06,,7.58E-08,(figure 4a),Kanazashi 2010 1,
sol-gel,sol-gel Si,(T=200°C),,200,,1.51E-06,,6.30E-08,(figure 4a),Kanazashi 2010 1,
sol-gel,sol-gel Si,(T=300°C),,300,,1.51E-06,,5.87E-08,(figure 4a),Kanazashi 2010 1,
sol-gel,sol-gel Si,(T=400°C),,400,,1.58E-06,,6.47E-08,(figure 4a),Kanazashi 2010 1,
sol-gel,sol-gel Si,(T=50°C),,50,,1.29E-08,,2.06E-10,(figure 4b),Kanazashi 2010 1,
sol-gel,sol-gel Si,(T=100°C),,100,,2.54E-08,,1.92E-10,(figure 4b),Kanazashi 2010 1,
sol-gel,sol-gel Si,(T=200°C),,200,,5.85E-08,,1.79E-10,(figure 4b),Kanazashi 2010 1,
sol-gel,sol-gel Si,(T=300°C),,300,,1.07E-07,,1.59E-10,(figure 4b),Kanazashi 2010 1,
sol-gel,sol-gel Si,(T=400°C),,400,,1.71E-07,,1.71E-10,(figure 4b),Kanazashi 2010 1,
sol-gel,sol-gel Si,(T=50°C),,50,,2.18E-07,,6.24E-09,(figure 7),Kanazashi 2010 1,
sol-gel,sol-gel Si,(T=200°C),,200,,3.89E-07,,5.13E-09,(figure 7),Kanazashi 2010 1,
sol-gel,sol-gel Si,(T=400°C),,400,,6.66E-07,,5.35E-09,(figure 7),Kanazashi 2010 1,
CVD,CVD Si,(T=700°C),,700,,3.03E-08,,3.38E-10,M1 before HT (table 1),Kim  1995,
CVD,CVD Si,(T=700°C),,700,,2.97E-08,,1.91E-10,M1 after HT (table 1),Kim  1995,
CVD,CVD Si,(T=700°C),,700,,3.35E-08,,9.55E-11,M2 before HT (table 1),Kim  1995,
CVD,CVD Si,(T=700°C),,700,,3.08E-08,,4.41E-11,M2 after HT (table 1),Kim  1995,
CVD,CVD Si,(T=450°C),,450,,2.79E-08,,2.86E-10,M3 before HT (table 2),Kim  1995,
CVD,CVD Si,(T=600°C),,600,,2.72E-08,,2.64E-10,M3 before HT (table 2),Kim  1995,
CVD,CVD Si,(T=700°C),,700,,2.42E-08,,1.40E-10,M3 before HT (table 2),Kim  1995,
CVD,CVD Si,(T=450°C),,450,,2.42E-08,,3.08E-11,M3 after HT (table 2),Kim  1995,
CVD,CVD Si,(T=600°C),,600,,2.20E-08,,1.10E-11,M3 after HT (table 2),Kim  1995,
CVD,CVD Si,(T=700°C),,700,,1.54E-08,,6.90E-12,M3 after HT (table 2),Kim  1995,
CVD,CVD Si,(T=450°C),,450,,2.72E-08,,9.55E-11,M4 before HT (table 2),Kim  1995,
CVD,CVD Si,(T=600°C),,600,,2.50E-08,,3.38E-11,M4 before HT (table 2),Kim  1995,
CVD,CVD Si,(T=800°C),,800,,2.06E-08,,1.47E-11,M4 before HT (table 2),Kim  1995,
CVD,CVD Si,(T=450°C),,450,,2.50E-08,,2.42E-11,M4 after HT (table 2),Kim  1995,
CVD,CVD Si,(T=600°C),,600,,2.06E-08,,1.32E-11,M4 after HT (table 2),Kim  1995,
CVD,CVD Si,(T=800°C),,800,,1.40E-08,,1.10E-11,M4 after HT (table 2),Kim  1995,
CVD,CVD Si,(T=750°C),,750,,2.94E-08,,1.47E-10,(table 4),Kim  1995,
CVD,CVD Si,(T=600°C),,600,,8.08E-09,,7.34E-12,(table 4),Kim  1995,
CVD,CVD Si," on y-a-Al (T=30°C, P=0.0003bar)",,30,0.0003,1.21E-09,,4.56E-10,(figure 8),Kim 2001 ss,
CVD,CVD Si," on y-a-Al (T=200°C, P=0.0003bar)",,200,0.0003,3.49E-09,,4.78E-10,(figure 8),Kim 2001 ss,
CVD,CVD Si," on y-a-Al (T=400°C, P=0.0003bar)",,400,0.0003,8.55E-09,,5.12E-10,(figure 8),Kim 2001 ss,
CVD,CVD Si," on y-a-Al (T=600°C, P=0.0003bar)",,600,0.0003,1.42E-08,,4.82E-10,(figure 8),Kim 2001 ss,
CVD,CVD Si," on y-a-Al (T=30°C, P=0.0005bar)",,30,0.0005,1.85E-08,,4.38E-09,(figure 8),Kim 2001 ss,
CVD,CVD Si," on y-a-Al (T=200°C, P=0.0005bar)",,200,0.0005,1.56E-08,,4.14E-09,(figure 8),Kim 2001 ss,
CVD,CVD Si," on y-a-Al (T=400°C, P=0.0005bar)",,400,0.0005,1.65E-08,,4.14E-09,(figure 8),Kim 2001 ss,
CVD,CVD Si," on y-a-Al (T=600°C, P=0.0005bar)",,600,0.0005,2.44E-08,,4.29E-09,(figure 8),Kim 2001 ss,
CVD,CVD Si," on y-a-Al (T=30°C, P=0.001bar)",,30,0.001,3.56E-08,,9.17E-09,(figure 8),Kim 2001 ss,
CVD,CVD Si," on y-a-Al (T=200°C, P=0.001bar)",,200,0.001,3.13E-08,,8.44E-09,(figure 8),Kim 2001 ss,
CVD,CVD Si," on y-a-Al (T=400°C, P=0.001bar)",,400,0.001,2.96E-08,,7.71E-09,(figure 8),Kim 2001 ss,
CVD,CVD Si," on y-a-Al (T=600°C, P=0.001bar)",,600,0.001,3.39E-08,,7.81E-09,(figure 8),Kim 2001 ss,
CVD,CVD Si," on a-Al (T=30°C, P=0.0003bar)",,30,0.0003,5.12E-09,,8.14E-10,(figure 8),Kim 2001 ss,
CVD,CVD Si," on a-Al (T=200°C, P=0.0003bar)",,200,0.0003,3.37E-08,,7.91E-10,(figure 8),Kim 2001 ss,
CVD,CVD Si," on a-Al (T=400°C, P=0.0003bar)",,400,0.0003,7.80E-08,,8.38E-10,(figure 8),Kim 2001 ss,
CVD,CVD Si," on a-Al (T=600°C, P=0.0003bar)",,600,0.0003,8.95E-08,,8.14E-10,(figure 8),Kim 2001 ss,
CVD,CVD Si," on a-Al (T=30°C, P=0.0005bar)",,30,0.0005,3.59E-08,1.26E-08,1.61E-09,"(figure 8,11)",Kim 2001 ss,
CVD,CVD Si," on a-Al (T=200°C, P=0.0005bar)",,200,0.0005,1.77E-07,1.02E-08,1.52E-09,"(figure 8,11)",Kim 2001 ss,
CVD,CVD Si," on a-Al (T=400°C, P=0.0005bar)",,400,0.0005,3.36E-07,7.58E-09,1.61E-09,"(figure 8,11)",Kim 2001 ss,
CVD,CVD Si," on a-Al (T=600°C, P=0.0005bar)",,600,0.0005,4.47E-07,,3.02E-09,(figure 8),Kim 2001 ss,
CVD,CVD Si,on y-a-Al (T=30°C),,30,,1.23E-09,9.70E-10,4.39E-10,(figure 11),Kim 2001 ss,
CVD,CVD Si,on y-a-Al (T=200°C),,200,,4.21E-09,1.14E-09,5.16E-10,(figure 11),Kim 2001 ss,
CVD,CVD Si,on y-a-Al (T=400°C),,400,,9.30E-09,5.86E-10,4.83E-10,(figure 11),Kim 2001 ss,
sol-gel,sol-gel Si,(T=400°C),,400,,2.52E-07,4.68E-08,8.42E-09,x=0.1 (figure 7a),Kim 2001 ys,
sol-gel,sol-gel Si,(T=500°C),,500,,3.30E-07,4.68E-08,7.55E-09,x=0.1 (figure 7a),Kim 2001 ys,
sol-gel,sol-gel Si,(T=600°C),,600,,3.30E-07,3.85E-08,7.16E-09,x=0.1 (figure 7a),Kim 2001 ys,
sol-gel,sol-gel Si,(T=700°C),,700,,2.66E-08,2.87E-09,6.69E-09,x=0.1 (figure 7a),Kim 2001 ys,
sol-gel,sol-gel Si,(T=400°C),,400,,9.21E-08,1.95E-09,2.55E-09,x=0 (figure 7b),Kim 2001 ys,
sol-gel,sol-gel Si,(T=500°C),,500,,4.47E-08,1.50E-09,1.01E-09,x=0 (figure 7b),Kim 2001 ys,
sol-gel,sol-gel Si,(T=600°C),,600,,6.70E-09,7.07E-10,1.45E-09,x=0 (figure 7b),Kim 2001 ys,
sol-gel,sol-gel Si,(T=100°C),,100,,2.40E-07,2.00E-08,3.10E-09,x=0.1 (table 1),Kim 2001 ys,
sol-gel,sol-gel Si,(T=200°C),,200,,4.04E-07,1.80E-08,4.50E-09,x=0.1 (table 1),Kim 2001 ys,
sol-gel,sol-gel Si,(T=300°C),,300,,6.80E-07,2.00E-08,2.30E-08,x=0.1 (table 1),Kim 2001 ys,
sol-gel,sol-gel Si,(T=15°C),,15,,1.99E-08,4.15E-09,,(figure 8),Kim 2001 ys,
sol-gel,sol-gel Si,(T=70°C),,70,,5.39E-08,7.20E-09,,(figure 8),Kim 2001 ys,
sol-gel,sol-gel Si,(T=100°C),,100,,7.09E-08,6.93E-09,,(figure 8),Kim 2001 ys,
sol-gel,sol-gel Si,(T=150°C),,150,,1.28E-07,1.07E-08,,(figure 8),Kim 2001 ys,
sol-gel,sol-gel Si,(T=200°C),,200,,1.72E-07,8.63E-09,,(figure 8),Kim 2001 ys,
sol-gel,sol-gel Si,(T=300°C),,300,,2.62E-07,8.21E-09,,(figure 8),Kim 2001 ys,
sol-gel,sol-gel Si,by dip coating (T=20°C),,20,,6.48E-07,9.21E-08,5.80E-08,TEOS (figure 4),Kim 2003 ys,
sol-gel,sol-gel Si,by dip coating (T=200°C),,200,,7.54E-07,6.60E-08,3.93E-08,TEOS (figure 4),Kim 2003 ys,
sol-gel: Templated,sol-gel Templated,by dip coating (T=200°C),,200,,1.85E-06,3.08E-07,1.60E-07,MPTMS (figure 4),Kim 2003 ys,
sol-gel,sol-gel Si,by dip coating (T=200°C),,200,,8.65E-08,1.87E-09,2.41E-09,TEOS on y-Al (figure 4),Kim 2003 ys,
sol-gel,sol-gel Si," (T=150°C, P=1bar)",,150,1,2.90E-07,5.37E-09,3.33E-09,(table 2),Kruidhof 2005,
sol-gel,sol-gel Si," (T=200°C, P=1bar)",,200,1,3.50E-07,4.17E-09,2.27E-09,(table 2),Kruidhof 2005,
sol-gel,sol-gel Si," (T=250°C, P=1bar)",,250,1,5.40E-07,2.35E-09,1.52E-09,(table 2),Kruidhof 2005,
sol-gel,sol-gel Si," (T=300°C, P=1bar)",,300,1,9.50E-07,5.97E-09,3.30E-09,(table 2),Kruidhof 2005,
sol-gel,sol-gel Si," (T=350°C, P=1bar)",,350,1,1.20E-06,6.03E-09,3.40E-09,(table 2),Kruidhof 2005,
sol-gel,sol-gel Si," (T=150°C, P=3.8bar)",,150,3.8,2.80E-07,1.12E-08,3.64E-09,(table 2),Kruidhof 2005,
sol-gel,sol-gel Si," (T=200°C, P=3.8bar)",,200,3.8,3.90E-07,1.05E-08,2.35E-09,(table 2),Kruidhof 2005,
sol-gel,sol-gel Si," (T=250°C, P=3.8bar)",,250,3.8,6.00E-07,8.33E-09,1.63E-09,(table 2),Kruidhof 2005,
sol-gel,sol-gel Si," (T=300°C, P=3.8bar)",,300,3.8,9.70E-07,1.21E-08,3.27E-09,(table 2),Kruidhof 2005,
sol-gel,sol-gel Si," (T=350°C, P=3.8bar)",,350,3.8,1.20E-06,1.20E-08,3.49E-09,(table 2),Kruidhof 2005,
sol-gel: Templated,sol-gel Templated," by dip coating (T=100°C, P=1bar)",,100,1,9.46E-08,8.62E-09,1.20E-09,1 (figure 7),Kusakabe 1999,
sol-gel: Templated,sol-gel Templated," by dip coating (T=100°C, P=1bar)",,100,1,6.34E-07,1.95E-07,6.82E-08,2 (figure 7),Kusakabe 1999,
sol-gel: Templated,sol-gel Templated," by dip coating (T=100°C, P=1bar)",,100,1,6.08E-07,1.79E-07,1.09E-07,4 (figure 7),Kusakabe 1999,
sol-gel: Templated,sol-gel Templated,by dip coating (T=100°C),,100,,4.38E-07,2.37E-07,2.83E-08,C8TES silica (figure 8),Kusakabe 1999,
sol-gel: Templated,sol-gel Templated,by dip coating (T=100°C),,100,,5.01E-07,2.29E-07,4.19E-08,C12TES silica (figure 9),Kusakabe 1999,
sol-gel: Templated,sol-gel Templated," by dip coating (T=100°C, P=4bar)",,100,4,1.96E-07,2.06E-08,1.29E-08,(figure 3),Kusakabe 2003,
sol-gel: Templated,sol-gel Templated," by dip coating (T=200°C, P=4bar)",,200,4,3.78E-07,3.05E-08,1.93E-08,(figure 3),Kusakabe 2003,
sol-gel: Templated,sol-gel Templated," by dip coating (T=300°C, P=4bar)",,300,4,6.44E-07,5.14E-08,3.18E-08,(figure 3),Kusakabe 2003,
sol-gel: Templated,sol-gel Templated," by dip coating (T=400°C, P=4bar)",,400,4,9.50E-07,7.16E-08,4.14E-08,(figure 3),Kusakabe 2003,
sol-gel: Templated,sol-gel Templated," by dip coating (T=100°C, P=4bar)",,100,4,2.27E-07,2.06E-08,1.19E-08,0 surface mods (figure 4),Kusakabe 2003,
sol-gel: Templated,sol-gel Templated," by dip coating (T=100°C, P=4bar)",,100,4,2.11E-07,2.06E-08,1.02E-08,1 surface mods (figure 4),Kusakabe 2003,
sol-gel: Templated,sol-gel Templated," by dip coating (T=100°C, P=4bar)",,100,4,1.72E-07,2.06E-08,6.06E-09,2 surface mods (figure 4),Kusakabe 2003,
sol-gel: Templated,sol-gel Templated," by dip coating (T=100°C, P=4bar)",,100,4,1.57E-07,2.06E-08,4.13E-09,3 surface mods (figure 4),Kusakabe 2003,
sol-gel: Templated,sol-gel Templated," by dip coating (T=100°C, P=4bar)",,100,4,9.96E-08,2.43E-08,7.78E-09,0 surface mods (figure 5),Kusakabe 2003,
sol-gel: Templated,sol-gel Templated," by dip coating (T=100°C, P=4bar)",,100,4,1.19E-07,3.90E-08,1.21E-08,1 surface mods (figure 5),Kusakabe 2003,
sol-gel: Templated,sol-gel Templated," by dip coating (T=100°C, P=4bar)",,100,4,1.40E-07,6.38E-08,9.66E-09,2 surface mods (figure 5),Kusakabe 2003,
sol-gel: Templated,sol-gel Templated," by dip coating (T=100°C, P=4bar)",,100,4,1.26E-07,4.71E-08,9.46E-09,3 surface mods (figure 5),Kusakabe 2003,
sol-gel: Templated,sol-gel Templated," by dip coating (T=30°C, P=4bar)",,30,4,1.13E-07,7.28E-08,2.69E-09,(figure 6),Kusakabe 2003,
sol-gel: Templated,sol-gel Templated," by dip coating (T=65°C, P=4bar)",,65,4,1.15E-07,5.69E-08,3.17E-09,(figure 6),Kusakabe 2003,
sol-gel: Templated,sol-gel Templated," by dip coating (T=100°C, P=4bar)",,100,4,1.15E-07,4.85E-08,4.06E-09,(figure 6),Kusakabe 2003,
sol-gel: Templated,sol-gel Templated," by dip coating (T=150°C, P=4bar)",,150,4,1.23E-07,3.01E-08,4.38E-09,(figure 6),Kusakabe 2003,
sol-gel,sol-gel Si,by dip coating (T=450°C),,450,,6.24E-06,,2.21E-06,Pd/SiO2/Ni/SUS (figure 2),Lee 2003,
sol-gel,sol-gel Si,by dip coating (T=450°C),,450,,6.16E-06,,1.71E-06,Pd/SiO2/Cu/SUS (figure 7),Lee 2003,
sol-gel,sol-gel Si,by dip coating (T=250°C),,250,,9.05E-09,,3.65E-10,Si/Si/Ni/SUS (figure 10a),Lee 2003,
sol-gel,sol-gel Si,by dip coating (T=350°C),,350,,2.94E-06,,9.86E-07,Si/Si/Ni/SUS (figure 10b),Lee 2003,
sol-gel,sol-gel Si,by dip coating (T=450°C),,450,,4.56E-06,,1.52E-06,Si/Si/Ni/SUS (figure 10c),Lee 2003,
sol-gel,sol-gel Si," by dip coating (T=350°C, P=0.42bar)",,350,0.42,3.77E-07,,1.01E-07,SiO2/y-Al/SiO2/SUS (RH 60%) (figure 2),Lee 2004,
sol-gel,sol-gel Si," by soak rolling (T=350°C, P=0.42bar)",,350,0.42,6.66E-08,,5.57E-09,SiO2/y-Al/SiO2/SUS (RH 60%) (figure 10),Lee 2004,
sol-gel,sol-gel Si," by soak rolling (T=250°C, P=0.42bar)",,250,0.42,2.57E-07,,7.12E-08,SiO2/y-Al/SiO2/SUS (RH 30%) (figure 13),Lee 2004,
CVD,CVD Si," (T=600°C, t=3h, P=0.6bar)",3.00,600,0.6,7.11E-07,4.75E-08,,(figure 5),Lee 2004 b,
CVD,CVD Si," (T=600°C, t=6h, P=0.6bar)",6.00,600,0.6,2.85E-07,1.80E-09,,(figure 5),Lee 2004 b,
CVD,CVD Si," (T=600°C, t=9h, P=0.6bar)",9.00,600,0.6,1.63E-07,2.57E-10,,(figure 5),Lee 2004 b,
CVD,CVD Si," (T=600°C, t=12h, P=0.6bar)",12.00,600,0.6,1.21E-07,8.05E-11,,(figure 5),Lee 2004 b,
sol-gel,sol-gel Si,by soak-rolling (T=200°C),,200,,3.40E-08,3.10E-09,,MR1 (table 3),Lee 2006 b,
sol-gel,sol-gel Si,by soak-rolling (T=200°C),,200,,3.17E-08,2.30E-09,,MR2 (table 3),Lee 2006 b,
sol-gel,sol-gel Si,by soak-rolling (T=200°C),,200,,2.71E-08,2.08E-09,,MR3 (table 3),Lee 2006 b,
sol-gel,sol-gel Si,by soak-rolling (T=200°C),,200,,3.12E-08,1.92E-09,,MR4 (table 3),Lee 2006 b,
sol-gel,sol-gel Si,by soak-rolling (T=200°C),,200,,2.94E-08,1.56E-09,,MR5 (table 3),Lee 2006 b,
sol-gel,sol-gel Si,by soak-rolling (T=200°C),,200,,2.89E-08,1.45E-09,,MR6 (table 3),Lee 2006 b,
sol-gel,sol-gel Si,by soak-rolling (T=20°C),,20,,1.37E-08,3.36E-09,1.21E-09,(figure 3),Lee 2008,
sol-gel,sol-gel Si,by soak-rolling (T=150°C),,150,,2.23E-08,3.21E-09,1.43E-09,(figure 3),Lee 2008,
sol-gel,sol-gel Si,by soak-rolling (T=250°C),,250,,2.70E-08,2.97E-09,1.21E-09,(figure 3),Lee 2008,
sol-gel,sol-gel Si,by soak-rolling (T=350°C),,350,,3.38E-08,2.75E-09,1.21E-09,(figure 3),Lee 2008,
sol-gel,sol-gel Si,by soak-rolling (T=20°C),,20,,6.07E-09,9.09E-10,2.05E-10,(figure 6),Lee 2008,
sol-gel,sol-gel Si,by soak-rolling (T=150°C),,150,,1.28E-08,8.05E-10,2.05E-10,(figure 6),Lee 2008,
sol-gel,sol-gel Si,by soak-rolling (T=250°C),,250,,1.78E-08,7.19E-10,2.03E-10,(figure 6),Lee 2008,
sol-gel,sol-gel Si,by soak-rolling (T=350°C),,350,,2.37E-08,6.28E-10,2.03E-10,(figure 6),Lee 2008,
CVD,CVD Si," (T=600°C, t=3h, P=0.22bar)",3.00,600,0.22,3.15E-08,5.70E-09,,(figure 6),Lee 2002,
CVD,CVD Si," (T=600°C, t=6h, P=0.22bar)",6.00,600,0.22,3.05E-08,4.00E-09,,(figure 6),Lee 2002,
CVD,CVD Si," (T=600°C, t=9h, P=0.22bar)",9.00,600,0.22,2.70E-08,2.80E-11,,(figure 6),Lee 2002,
sol-gel,sol-gel Si," by communicating vessel (T=450°C, P=3bar)",,450,3,5.33E-07,6.48E-09,,Flat (figure 4),Luiten 2010,
sol-gel,sol-gel Si," by communicating vessel (T=450°C, P=3bar)",,450,3,1.02E-06,2.62E-08,5.62E-09,B (figure 4),Luiten 2010,
sol-gel,sol-gel Si," by communicating vessel (T=450°C, P=3bar)",,450,3,5.43E-07,5.89E-09,1.59E-09,E (figure 4),Luiten 2010,
CVD,CVD x depositions,(T=750°C),,750,,2.97E-08,,7.86E-09,0 (table 1),Megiris 1992,
CVD,CVD x depositions,(T=750°C),,750,,2.72E-08,,5.51E-09,1 (table 1),Megiris 1992,
CVD,CVD x depositions,(T=750°C),,750,,2.64E-08,,4.92E-09,2 (table 1),Megiris 1992,
CVD,CVD x depositions,(T=750°C),,750,,2.25E-08,,2.20E-09,3 (table 1),Megiris 1992,
CVD,CVD x depositions,(T=750°C),,750,,1.67E-08,,5.65E-10,4 (table 1),Megiris 1992,
CVD,CVD x depositions,(T=750°C),,750,,2.24E-08,,1.76E-09,4 (table 1),Megiris 1992,
CVD,CVD x depositions,(T=750°C),,750,,1.42E-08,,3.52E-10,5 (table 1),Megiris 1992,
CVD,CVD x depositions,(T=750°C),,750,,1.93E-08,,1.03E-09,5 (table 1),Megiris 1992,
CVD,CVD x depositions,(T=750°C),,750,,1.73E-08,,6.09E-10,5 (table 1),Megiris 1992,
CVD,CVD x depositions,(T=750°C),,750,,8.96E-09,,3.58E-11,6 (table 1),Megiris 1992,
CVD,CVD x depositions,(T=750°C),,750,,1.40E-08,,4.19E-10,6 (table 1),Megiris 1992,
CVD,CVD x depositions,(T=750°C),,750,,1.09E-08,,5.43E-10,6 (table 1),Megiris 1992,
CVD,CVD x depositions,(T=750°C),,750,,7.05E-09,,3.52E-11,7 (table 1),Megiris 1992,
CVD,CVD x depositions,(T=750°C),,750,,9.47E-09,,8.81E-11,7 (table 1),Megiris 1992,
CVD,CVD x depositions,(T=750°C),,750,,2.86E-08,,7.71E-09,0 (table 2),Megiris 1992,
CVD,CVD x depositions,(T=750°C),,750,,2.58E-08,,3.75E-09,1 (table 2),Megiris 1992,
CVD,CVD x depositions,(T=750°C),,750,,2.44E-08,,1.40E-09,2 (table 2),Megiris 1992,
CVD,CVD x depositions,(T=750°C),,750,,2.23E-08,,1.03E-09,3 (table 2),Megiris 1992,
CVD,CVD x depositions,(T=750°C),,750,,2.06E-08,,7.34E-10,4 (table 2),Megiris 1992,
CVD,CVD x depositions,(T=750°C),,750,,1.94E-08,,2.13E-10,5 (table 2),Megiris 1992,
CVD,CVD x depositions,(T=750°C),,750,,1.95E-08,,6.46E-10,5 (table 2),Megiris 1992,
CVD,CVD x depositions,(T=750°C),,750,,1.82E-08,,1.25E-10,6 (table 2),Megiris 1992,
CVD,CVD x depositions,(T=750°C),,750,,1.92E-08,,5.14E-10,6 (table 2),Megiris 1992,
CVD,CVD x depositions,(T=750°C),,750,,1.76E-08,,1.25E-10,7 (table 2),Megiris 1992,
CVD,CVD x depositions,(T=750°C),,750,,1.87E-08,,6.09E-10,7 (table 2),Megiris 1992,
CVD,CVD x depositions,(T=750°C),,750,,1.40E-08,,7.34E-10,7 (table 2),Megiris 1992,
CVD,CVD x depositions,(T=750°C),,750,,1.17E-08,,6.61E-11,8 (table 2),Megiris 1992,
CVD,CVD x depositions,(T=750°C),,750,,1.20E-08,,8.81E-11,8 (table 2),Megiris 1992,
sol-gel: Si-Co-O,sol-gel Si-Co-O,by dip coating (T=100°C),,100,,2.00E-09,,5.30E-10,(figure 2),Mori 2006 b,
sol-gel: Si-Co-O,sol-gel Si-Co-O,by dip coating (T=200°C),,200,,1.95E-09,,6.05E-10,(figure 2),Mori 2006 b,
sol-gel: Si-Co-O,sol-gel Si-Co-O,by dip coating (T=250°C),,250,,1.92E-09,,6.05E-10,(figure 2),Mori 2006 b,
sol-gel: Si-Co-O,sol-gel Si-Co-O,by dip coating (T=300°C),,300,,2.20E-09,,5.80E-10,(figure 2),Mori 2006 b,
sol-gel: Si-Co-O,sol-gel Si-Co-O,by dip coating (T=350°C),,350,,3.40E-08,,5.10E-10,(figure 2),Mori 2006 b,
sol-gel: Si-Co-O,sol-gel Si-Co-O,by dip coating (T=400°C),,400,,4.80E-07,,5.00E-10,(figure 2),Mori 2006 b,
CVD,CVD Si," (T=10°C, t=2h)",2.00,10,,5.52E-08,,1.46E-08,(figure 6),Morooka 1995,
CVD,CVD Si," (T=200°C, t=2h)",2.00,200,,5.22E-08,,1.34E-08,(figure 6),Morooka 1995,
CVD,CVD Si," (T=400°C, t=2h)",2.00,400,,5.05E-08,,1.22E-08,(figure 6),Morooka 1995,
CVD,CVD Si," (T=600°C, t=2h)",2.00,600,,4.04E-08,,1.03E-08,(figure 6),Morooka 1995,
CVD,CVD Si," (T=10°C, t=3h)",3.00,10,,4.10E-08,,8.28E-09,(figure 6),Morooka 1995,
CVD,CVD Si," (T=200°C, t=3h)",3.00,200,,4.04E-08,,9.25E-09,(figure 6),Morooka 1995,
CVD,CVD Si," (T=400°C, t=3h)",3.00,400,,4.10E-08,,7.72E-09,(figure 6),Morooka 1995,
CVD,CVD Si," (T=600°C, t=3h)",3.00,600,,4.58E-08,,8.45E-09,(figure 6),Morooka 1995,
CVD,CVD Si,(T=10°C),,10,,1.25E-07,2.36E-08,2.65E-08,(figure 7),Morooka 1995,
CVD,CVD Si,(T=200°C),,200,,1.18E-07,2.45E-08,2.75E-08,(figure 7),Morooka 1995,
CVD,CVD Si,(T=400°C),,400,,1.18E-07,2.33E-08,2.33E-08,(figure 7),Morooka 1995,
CVD,CVD Si,(T=600°C),,600,,1.29E-07,,2.45E-08,(figure 7),Morooka 1995,
CVD,CVD Si,(T=650°C),,650,,1.31E-07,,2.36E-08,(figure 7),Morooka 1995,
CVD,CVD Si,(T=10°C),,10,,1.54E-08,3.13E-09,3.44E-09,(figure 7),Morooka 1995,
CVD,CVD Si,(T=200°C),,200,,1.38E-08,2.82E-09,3.13E-09,(figure 7),Morooka 1995,
CVD,CVD Si,(T=400°C),,400,,1.38E-08,2.79E-09,2.66E-09,(figure 7),Morooka 1995,
CVD,CVD Si,(T=600°C),,600,,1.47E-08,,3.87E-09,(figure 7),Morooka 1995,
CVD,CVD Si,(T=650°C),,650,,1.47E-08,,4.10E-09,(figure 7),Morooka 1995,
CVD,CVD Si," (T=10°C, P=1bar)",,10,1,1.61E-08,,5.87E-09,(figure 7),Morooka 1996,
CVD,CVD Si," (T=200°C, P=1bar)",,200,1,1.51E-08,,6.61E-09,(figure 7),Morooka 1996,
CVD,CVD Si," (T=400°C, P=1bar)",,400,1,1.69E-08,,5.35E-09,(figure 7),Morooka 1996,
CVD,CVD Si," (T=600°C, P=1bar)",,600,1,2.08E-08,,5.03E-09,(figure 7),Morooka 1996,
CVD,CVD Si," (T=40°C, t=6h)",6.00,40,,3.06E-08,2.44E-09,8.39E-11,(figure 6),Nakao 2000,
CVD,CVD Si," (T=80°C, t=6h)",6.00,80,,3.55E-08,2.81E-09,1.20E-10,(figure 6),Nakao 2000,
CVD,CVD Si," (T=120°C, t=6h)",6.00,120,,3.50E-08,3.27E-09,1.75E-10,(figure 6),Nakao 2000,
CVD,CVD Si," (T=160°C, t=6h)",6.00,160,,3.28E-08,2.66E-09,3.14E-10,(figure 6),Nakao 2000,
CVD,CVD Si," (T=200°C, t=6h)",6.00,200,,3.30E-08,3.27E-09,3.78E-10,(figure 6),Nakao 2000,
CVD,CVD Si," (T=40°C, t=8h)",8.00,40,,1.88E-08,,3.22E-11,(figure 7),Nakao 2000,
CVD,CVD Si," (T=80°C, t=8h)",8.00,80,,2.97E-08,,7.50E-11,(figure 7),Nakao 2000,
CVD,CVD Si," (T=120°C, t=8h)",8.00,120,,3.38E-08,,1.85E-10,(figure 7),Nakao 2000,
CVD,CVD Si," (T=160°C, t=8h)",8.00,160,,3.76E-08,,1.91E-10,(figure 7),Nakao 2000,
CVD,CVD Si," (T=200°C, t=8h)",8.00,200,,3.69E-08,,4.22E-10,(figure 7),Nakao 2000,
CVD,CVD Si," (T=250°C, t=0.71667h)",0.72,250,,4.00E-07,,9.30E-09,1 (table 1),Nijmeijer 1998,
CVD,CVD Si," (T=20°C, t=0.71667h)",0.72,20,,1.70E-07,,3.99E-09,1 (table 1),Nijmeijer 1998,
CVD,CVD Si," (T=250°C, t=0.41667h)",0.42,250,,2.00E-07,4.00E-09,8.00E-09,2 (table 1),Nijmeijer 1998,
CVD,CVD Si,(T=100°C),,100,,8.30E-08,,9.18E-10,300C CVD (figure 2),Nomura 2005,
CVD,CVD Si,(T=200°C),,200,,1.00E-07,,1.03E-09,300C CVD (figure 2),Nomura 2005,
CVD,CVD Si,(T=300°C),,300,,1.11E-07,,1.44E-09,300C CVD (figure 2),Nomura 2005,
CVD,CVD Si,(T=400°C),,400,,1.16E-07,,2.48E-09,300C CVD (figure 2),Nomura 2005,
CVD,CVD Si,(T=100°C),,100,,3.04E-08,,9.30E-12,400C CVD (figure 2),Nomura 2005,
CVD,CVD Si,(T=200°C),,200,,6.40E-08,,3.34E-11,400C CVD (figure 2),Nomura 2005,
CVD,CVD Si,(T=300°C),,300,,8.68E-08,,7.09E-11,400C CVD (figure 2),Nomura 2005,
CVD,CVD Si,(T=100°C),,100,,4.03E-08,,8.64E-09,500C thermal decomp (figure 3),Nomura 2005,
CVD,CVD Si,(T=300°C),,300,,5.01E-08,,8.85E-09,500C thermal decomp (figure 3),Nomura 2005,
CVD,CVD Si,(T=500°C),,500,,5.55E-08,,1.01E-08,500C thermal decomp (figure 3),Nomura 2005,
CVD,CVD Si,(T=100°C),,100,,3.00E-08,,5.57E-12,500C counter O2 (figure 3),Nomura 2005,
CVD,CVD Si,(T=300°C),,300,,9.04E-08,,3.70E-11,500C counter O2 (figure 3),Nomura 2005,
CVD,CVD Si,(T=500°C),,500,,1.59E-07,,2.36E-10,500C counter O2 (figure 3),Nomura 2005,
CVD,CVD Si,(T=100°C),,100,,8.64E-09,,3.21E-12,500C counter O3 (figure 3),Nomura 2005,
CVD,CVD Si,(T=300°C),,300,,4.89E-08,,6.43E-12,500C counter O3 (figure 3),Nomura 2005,
CVD,CVD Si,(T=500°C),,500,,9.63E-08,,4.30E-11,500C counter O3 (figure 3),Nomura 2005,
CVD,CVD Si," (T=500°C, t=1h)",1.00,500,,2.30E-07,,4.54E-09,500C CVD (figure 5),Nomura 2005,
CVD,CVD Si," (T=500°C, t=2h)",2.00,500,,1.70E-07,,2.02E-09,500C CVD (figure 5),Nomura 2005,
CVD,CVD Si," (T=500°C, t=3h)",3.00,500,,1.39E-07,,4.54E-10,500C CVD (figure 5),Nomura 2005,
CVD,CVD Si," (T=500°C, t=4h)",4.00,500,,1.26E-07,,1.02E-10,500C CVD (figure 5),Nomura 2005,
CVD,CVD Si," (T=500°C, t=5h)",5.00,500,,8.05E-08,,6.15E-10,500C CVD (figure 5),Nomura 2005,
CVD,CVD Si," (T=500°C, t=6h)",6.00,500,,7.84E-08,,3.07E-10,500C CVD (figure 5),Nomura 2005,
CVD,CVD Si," (T=600°C, t=1h)",1.00,600,,1.49E-07,,1.40E-10,600C CVD (figure 5),Nomura 2005,
CVD,CVD Si," (T=600°C, t=2h)",2.00,600,,9.01E-08,,7.71E-11,600C CVD (figure 5),Nomura 2005,
CVD,CVD Si,(T=100°C),,100,,3.19E-08,,5.51E-12,500C before air (figure 7),Nomura 2005,
CVD,CVD Si,(T=300°C),,300,,9.93E-08,,3.21E-11,500C before air (figure 7),Nomura 2005,
CVD,CVD Si,(T=500°C),,500,,1.61E-07,,2.26E-10,500C before air (figure 7),Nomura 2005,
CVD,CVD Si,(T=100°C),,100,,7.18E-09,,1.81E-11,500C after air (figure 7),Nomura 2005,
CVD,CVD Si,(T=300°C),,300,,5.52E-08,,3.42E-11,500C after air (figure 7),Nomura 2005,
CVD,CVD Si,(T=450°C),,450,,1.39E-07,,5.94E-09,500C after air (figure 7),Nomura 2005,
CVD,CVD Si,(T=100°C),,100,,1.85E-09,,4.82E-11,600C before air (figure 9),Nomura 2005,
CVD,CVD Si,(T=300°C),,300,,2.30E-08,,2.90E-11,600C before air (figure 9),Nomura 2005,
CVD,CVD Si,(T=550°C),,550,,9.04E-08,,7.35E-11,600C before air (figure 9),Nomura 2005,
CVD,CVD Si,(T=100°C),,100,,1.45E-09,,1.12E-10,600C after air (figure 9),Nomura 2005,
CVD,CVD Si,(T=300°C),,300,,1.61E-08,,8.69E-11,600C after air (figure 9),Nomura 2005,
CVD,CVD Si,(T=500°C),,500,,5.70E-08,,8.35E-11,600C after air (figure 9),Nomura 2005,
CVD,CVD Si,(T=600°C),,600,,5.73E-08,,6.90E-11,600C before 3.3kPa steam (figure 10a),Nomura 2005,
CVD,CVD Si,(T=600°C),,600,,4.93E-08,,5.66E-11,600C after 3.3kPa steam (figure 10a),Nomura 2005,
CVD,CVD Si,(T=600°C),,600,,4.99E-08,,5.50E-11,600C before 76kPa steam (figure 10b),Nomura 2005,
CVD,CVD Si,(T=600°C),,600,,3.69E-08,,4.14E-11,600C after 76kPa steam (figure 10b),Nomura 2005,
CVD,CVD Si,(T=500°C),,500,,6.81E-08,,1.66E-10,before steam  (figure 2),Nomura 2006,
CVD,CVD Si,(T=500°C),,500,,4.79E-08,,1.47E-10,after steam (figure 2),Nomura 2006,
CVD,CVD Si,(T=100°C),,100,,3.16E-08,,5.45E-12,(figure 5),Nomura 2006,
CVD,CVD Si,(T=300°C),,300,,9.16E-08,,3.63E-11,(figure 5),Nomura 2006,
CVD,CVD Si,(T=500°C),,500,,1.60E-07,,2.36E-10,(figure 5),Nomura 2006,
CVD,CVD Si,(T=100°C),,100,,1.77E-09,,5.08E-11,(figure 5),Nomura 2006,
CVD,CVD Si,(T=300°C),,300,,2.28E-08,,3.10E-11,(figure 5),Nomura 2006,
CVD,CVD Si,(T=500°C),,500,,7.34E-08,,8.16E-11,(figure 5),Nomura 2006,
CVD,CVD Si,(T=600°C),,600,,8.69E-08,,7.50E-11,(figure 5),Nomura 2006,
CVD,CVD Si,(T=500°C),,500,,6.99E-06,,2.10E-06,before steam  (figure 6),Nomura 2006,
CVD,CVD Si,(T=500°C),,500,,8.73E-06,,2.50E-06,after steam (figure 6),Nomura 2006,
CVD,CVD Si,(T=500°C),,500,,6.71E-08,,1.67E-10,before steam  (figure 8),Nomura 2006,
CVD,CVD Si,(T=500°C),,500,,5.60E-09,,1.02E-10,after steam (figure 8),Nomura 2006,
CVD,CVD Si,(T=600°C),,600,,5.39E-08,,8.18E-11,2h steamed before steam (figure 9),Nomura 2006,
CVD,CVD Si,(T=600°C),,600,,2.82E-08,,9.83E-11,2h steamed before steam (figure 9),Nomura 2006,
CVD,CVD Si,(T=600°C),,600,,2.43E-08,,2.28E-10,7h steamed before steam (figure 9),Nomura 2006,
CVD,CVD Si,(T=600°C),,600,,1.94E-08,,2.37E-10,7h steamed before steam (figure 9),Nomura 2006,
CVD,CVD Si,(T=600°C),,600,,5.60E-09,,9.83E-11,24h steamed before steam (figure 9),Nomura 2006,
CVD,CVD Si,(T=600°C),,600,,5.68E-09,,4.78E-10,24h steamed before steam (figure 9),Nomura 2006,
CVD,CVD Si,(T=40°C),,40,,1.58E-10,3.52E-12,1.50E-11,(figure 3),Nomura 2006 1,
CVD,CVD Si,(T=300°C),,300,,6.37E-09,2.34E-12,1.40E-11,(figure 3),Nomura 2006 1,
CVD,CVD Si,(T=600°C),,600,,4.37E-08,6.29E-12,1.37E-11,(figure 3),Nomura 2006 1,
sol-gel: Templated,sol-gel Templated," by dip coating (T=200°C, P=0.6bar)",,200,0.6,4.61E-06,9.65E-07,,Si(Brij) (figure 6),Pakizeh 2007,
sol-gel: Templated,sol-gel Templated," by dip coating (T=250°C, P=0.6bar)",,250,0.6,4.56E-06,9.41E-07,,Si(Brij) (figure 6),Pakizeh 2007,
sol-gel: Templated,sol-gel Templated," by dip coating (T=300°C, P=0.6bar)",,300,0.6,4.51E-06,9.41E-07,,Si(Brij) (figure 6),Pakizeh 2007,
sol-gel: Templated,sol-gel Templated," by dip coating (T=350°C, P=0.6bar)",,350,0.6,4.48E-06,9.24E-07,,Si(Brij) (figure 6),Pakizeh 2007,
sol-gel: Templated,sol-gel Templated," by dip coating (T=400°C, P=0.6bar)",,400,0.6,4.46E-06,8.94E-07,,Si(Brij) (figure 6),Pakizeh 2007,
sol-gel: Templated,sol-gel Templated," by dip coating (T=400°C, P=1.3bar)",,400,1.3,2.09E-06,1.35E-07,,"Si(TF) (figure 10,11)",Pakizeh 2007,
sol-gel: Templated,sol-gel Templated," by dip coating (T=200°C, P=1.3bar)",,200,1.3,3.77E-06,9.03E-08,,"Si(CPB) (figure 10,11)",Pakizeh 2007,
sol-gel: Templated,sol-gel Templated," by dip coating (T=250°C, P=1.3bar)",,250,1.3,3.97E-06,1.01E-07,,"Si(CPB) (figure 10,11)",Pakizeh 2007,
sol-gel: Templated,sol-gel Templated," by dip coating (T=300°C, P=1.3bar)",,300,1.3,4.06E-06,1.09E-07,,"Si(CPB) (figure 10,11)",Pakizeh 2007,
sol-gel: Templated,sol-gel Templated," by dip coating (T=350°C, P=1.3bar)",,350,1.3,4.14E-06,1.15E-07,,"Si(CPB) (figure 10,11)",Pakizeh 2007,
sol-gel: Templated,sol-gel Templated," by dip coating (T=400°C, P=1.3bar)",,400,1.3,4.20E-06,1.20E-07,,"Si(CPB) (figure 10,11)",Pakizeh 2007,
CVD,CVD Si,by Nanosil (T=200°C),,200,,1.41E-08,2.11E-12,,600C CVD (table 6),Prabhu 2000,
CVD,CVD Si,by Nanosil (T=300°C),,300,,1.55E-08,2.10E-12,,600C CVD (table 6),Prabhu 2000,
CVD,CVD Si,by Nanosil (T=400°C),,400,,1.68E-08,2.07E-12,,600C CVD (table 6),Prabhu 2000,
CVD,CVD Si,by Nanosil (T=500°C),,500,,1.70E-08,2.07E-12,,600C CVD (table 6),Prabhu 2000,
CVD,CVD Si,by Nanosil (T=600°C),,600,,1.77E-08,2.43E-12,,600C CVD (table 6),Prabhu 2000,
CVD,CVD Si," (T=20°C, P=2bar)",,20,2,3.73E-06,9.64E-07,1.19E-06,"(figure 4,5,6)",Richard 2001,
CVD,CVD Si," (T=40°C, P=2bar)",,40,2,2.88E-06,7.42E-07,8.78E-07,"(figure 4,5,6)",Richard 2001,
CVD,CVD Si," (T=80°C, P=2bar)",,80,2,2.34E-06,6.29E-07,7.35E-07,"(figure 4,5,6)",Richard 2001,
CVD,CVD Si," (T=120°C, P=2bar)",,120,2,2.20E-06,6.17E-07,7.35E-07,"(figure 4,5,6)",Richard 2001,
CVD,CVD Si," (T=160°C, P=2bar)",,160,2,1.91E-06,5.25E-07,6.29E-07,"(figure 4,5,6)",Richard 2001,
CVD,CVD Si," (T=200°C, P=2bar)",,200,2,1.84E-06,4.87E-07,5.87E-07,"(figure 4,5,6)",Richard 2001,
CVD,CVD Si," (T=20°C, P=4bar)",,20,4,3.41E-06,9.64E-07,1.11E-06,"(figure 4,5,6)",Richard 2001,
CVD,CVD Si," (T=40°C, P=4bar)",,40,4,2.66E-06,7.95E-07,8.81E-07,"(figure 4,5,6)",Richard 2001,
CVD,CVD Si," (T=80°C, P=4bar)",,80,4,2.43E-06,6.73E-07,7.91E-07,"(figure 4,5,6)",Richard 2001,
CVD,CVD Si," (T=120°C, P=4bar)",,120,4,2.26E-06,6.42E-07,7.66E-07,"(figure 4,5,6)",Richard 2001,
CVD,CVD Si," (T=160°C, P=4bar)",,160,4,1.95E-06,5.61E-07,6.53E-07,"(figure 4,5,6)",Richard 2001,
CVD,CVD Si," (T=200°C, P=4bar)",,200,4,1.87E-06,5.13E-07,6.17E-07,"(figure 4,5,6)",Richard 2001,
CVD,CVD Si," (T=20°C, P=6bar)",,20,6,3.37E-06,1.01E-06,1.13E-06,"(figure 4,5,6)",Richard 2001,
CVD,CVD Si," (T=40°C, P=6bar)",,40,6,2.69E-06,8.52E-07,9.43E-07,"(figure 4,5,6)",Richard 2001,
CVD,CVD Si," (T=80°C, P=6bar)",,80,6,2.38E-06,7.45E-07,8.25E-07,"(figure 4,5,6)",Richard 2001,
CVD,CVD Si," (T=120°C, P=6bar)",,120,6,2.30E-06,6.80E-07,7.89E-07,"(figure 4,5,6)",Richard 2001,
CVD,CVD Si," (T=160°C, P=6bar)",,160,6,1.99E-06,6.01E-07,6.85E-07,"(figure 4,5,6)",Richard 2001,
CVD,CVD Si," (T=200°C, P=6bar)",,200,6,1.88E-06,5.57E-07,6.48E-07,"(figure 4,5,6)",Richard 2001,
CVD,CVD Si," (T=20°C, P=8bar)",,20,8,3.22E-06,1.04E-06,,"(figure 4,5,6)",Richard 2001,
CVD,CVD Si," (T=40°C, P=8bar)",,40,8,2.73E-06,9.20E-07,,"(figure 4,5,6)",Richard 2001,
CVD,CVD Si," (T=80°C, P=8bar)",,80,8,2.51E-06,8.20E-07,,"(figure 4,5,6)",Richard 2001,
CVD,CVD Si," (T=120°C, P=8bar)",,120,8,2.37E-06,7.39E-07,,"(figure 4,5,6)",Richard 2001,
CVD,CVD Si," (T=160°C, P=8bar)",,160,8,2.07E-06,6.49E-07,,"(figure 4,5,6)",Richard 2001,
CVD,CVD Si," (T=200°C, P=8bar)",,200,8,1.94E-06,5.81E-07,,"(figure 4,5,6)",Richard 2001,
CVD,CVD Si," (T=30°C, P=0.002bar)",,30,0.002,2.77E-08,2.25E-09,2.93E-09,TEOS (figure 6),Sea 1997,
CVD,CVD Si," (T=200°C, P=0.002bar)",,200,0.002,8.67E-08,2.09E-09,2.93E-09,TEOS (figure 6),Sea 1997,
CVD,CVD Si," (T=400°C, P=0.002bar)",,400,0.002,2.08E-07,1.97E-09,2.46E-09,TEOS (figure 6),Sea 1997,
CVD,CVD Si," (T=30°C, P=0.0005bar)",,30,0.0005,4.20E-09,3.60E-10,5.00E-10,TEOS (table 2),Sea 1997,
CVD,CVD Si," (T=200°C, P=0.0005bar)",,200,0.0005,2.20E-08,3.30E-10,5.00E-10,TEOS (table 2),Sea 1997,
CVD,CVD Si," (T=400°C, P=0.0005bar)",,400,0.0005,5.83E-08,3.22E-10,5.08E-10,TEOS (figure 6),Sea 1997,
CVD,CVD Si," (T=30°C, P=0.0002bar)",,30,0.0002,1.00E-09,1.83E-11,3.46E-11,TEOS (figure 6),Sea 1997,
CVD,CVD Si," (T=200°C, P=0.0002bar)",,200,0.0002,5.86E-09,1.88E-11,3.24E-11,TEOS (figure 6),Sea 1997,
CVD,CVD Si," (T=400°C, P=0.0002bar)",,400,0.0002,2.09E-08,1.88E-11,2.98E-11,TEOS (figure 6),Sea 1997,
CVD,CVD Si," (T=30°C, P=0.002bar)",,30,0.002,3.65E-08,1.12E-08,6.53E-09,PTES (figure 8),Sea 1997,
CVD,CVD Si," (T=200°C, P=0.002bar)",,200,0.002,1.60E-07,1.23E-08,7.52E-09,PTES (figure 8),Sea 1997,
CVD,CVD Si," (T=400°C, P=0.002bar)",,400,0.002,2.62E-07,1.23E-08,7.52E-09,PTES (figure 8),Sea 1997,
CVD,CVD Si," (T=30°C, P=0.0008bar)",,30,0.0008,9.40E-09,8.00E-09,1.60E-09,PTES (table 2),Sea 1997,
CVD,CVD Si," (T=200°C, P=0.0008bar)",,200,0.0008,5.70E-08,1.00E-08,1.70E-09,PTES (table 2),Sea 1997,
CVD,CVD Si," (T=400°C, P=0.0008bar)",,400,0.0008,2.09E-07,1.07E-08,1.63E-09,PTES (figure 8),Sea 1997,
CVD,CVD Si," (T=30°C, P=0.005bar)",,30,0.005,4.80E-07,8.10E-08,9.10E-09,DPDES (table 2),Sea 1997,
CVD,CVD Si," (T=200°C, P=0.005bar)",,200,0.005,5.00E-07,3.30E-08,7.90E-09,DPDES (table 2),Sea 1997,
CVD,CVD Si," (T=400°C, P=0.005bar)",,400,0.005,5.51E-07,1.98E-08,1.04E-08,DPDES (figure 9),Sea 1997,
CVD,CVD Si," (T=50°C, P=0.01bar)",,50,0.01,4.32E-07,7.25E-08,9.24E-08,before heat treatment (figure 4),Sea 1998 1,
CVD,CVD Si," (T=200°C, P=0.01bar)",,200,0.01,4.04E-07,7.25E-08,9.24E-08,before heat treatment (figure 4),Sea 1998 1,
CVD,CVD Si," (T=400°C, P=0.01bar)",,400,0.01,3.78E-07,7.25E-08,9.24E-08,before heat treatment (figure 4),Sea 1998 1,
CVD,CVD Si," (T=50°C, P=0.005bar)",,50,0.005,1.66E-07,2.96E-08,3.90E-08,before heat treatment (figure 4),Sea 1998 1,
CVD,CVD Si," (T=200°C, P=0.005bar)",,200,0.005,1.54E-07,2.84E-08,3.74E-08,before heat treatment (figure 4),Sea 1998 1,
CVD,CVD Si," (T=400°C, P=0.005bar)",,400,0.005,1.40E-07,2.77E-08,3.57E-08,before heat treatment (figure 4),Sea 1998 1,
CVD,CVD Si," (T=50°C, P=0.002bar)",,50,0.002,5.48E-08,8.90E-09,1.27E-08,before heat treatment (figure 4),Sea 1998 1,
CVD,CVD Si," (T=200°C, P=0.002bar)",,200,0.002,5.48E-08,8.90E-09,1.27E-08,before heat treatment (figure 4),Sea 1998 1,
CVD,CVD Si," (T=400°C, P=0.002bar)",,400,0.002,5.48E-08,8.90E-09,1.27E-08,before heat treatment (figure 4),Sea 1998 1,
CVD,CVD Si," (T=50°C, P=0.002bar)",,50,0.002,4.12E-08,,9.46E-09,before heat treatment (figure 6a),Sea 1998 1,
CVD,CVD Si," (T=200°C, P=0.002bar)",,200,0.002,3.63E-08,,9.26E-09,before heat treatment (figure 6a),Sea 1998 1,
CVD,CVD Si," (T=400°C, P=0.002bar)",,400,0.002,3.55E-08,,8.44E-09,before heat treatment (figure 6a),Sea 1998 1,
CVD,CVD Si," (T=50°C, P=0.002bar)",,50,0.002,7.45E-08,,1.83E-08,after heat treatment (figure 6a),Sea 1998 1,
CVD,CVD Si," (T=200°C, P=0.002bar)",,200,0.002,6.42E-08,,1.69E-08,after heat treatment (figure 6a),Sea 1998 1,
CVD,CVD Si," (T=400°C, P=0.002bar)",,400,0.002,5.90E-08,,1.64E-08,after heat treatment (figure 6a),Sea 1998 1,
CVD,CVD Si," (T=50°C, P=0.005bar)",,50,0.005,1.18E-07,,2.78E-08,before heat treatment (figure 6b),Sea 1998 1,
CVD,CVD Si," (T=200°C, P=0.005bar)",,200,0.005,1.08E-07,,2.59E-08,before heat treatment (figure 6b),Sea 1998 1,
CVD,CVD Si," (T=400°C, P=0.005bar)",,400,0.005,9.52E-08,,2.39E-08,before heat treatment (figure 6b),Sea 1998 1,
CVD,CVD Si," (T=50°C, P=0.005bar)",,50,0.005,1.86E-07,,4.38E-08,after heat treatment (figure 6b),Sea 1998 1,
CVD,CVD Si," (T=200°C, P=0.005bar)",,200,0.005,1.66E-07,,4.12E-08,after heat treatment (figure 6b),Sea 1998 1,
CVD,CVD Si," (T=400°C, P=0.005bar)",,400,0.005,1.51E-07,,3.89E-08,after heat treatment (figure 6b),Sea 1998 1,
CVD,CVD Si," (T=50°C, P=0.01bar)",,50,0.01,4.18E-07,,9.47E-08,before heat treatment (figure 6c),Sea 1998 1,
CVD,CVD Si," (T=200°C, P=0.01bar)",,200,0.01,3.95E-07,,9.19E-08,before heat treatment (figure 6c),Sea 1998 1,
CVD,CVD Si," (T=400°C, P=0.01bar)",,400,0.01,3.81E-07,,8.99E-08,before heat treatment (figure 6c),Sea 1998 1,
CVD,CVD Si," (T=50°C, P=0.01bar)",,50,0.01,5.66E-07,,1.18E-07,after heat treatment (figure 6c),Sea 1998 1,
CVD,CVD Si," (T=200°C, P=0.01bar)",,200,0.01,5.46E-07,,1.25E-07,after heat treatment (figure 6c),Sea 1998 1,
CVD,CVD Si," (T=400°C, P=0.01bar)",,400,0.01,5.23E-07,,1.18E-07,after heat treatment (figure 6c),Sea 1998 1,
CVD,CVD Si,(T=250°C),,250,,5.50E-08,3.90E-08,8.28E-09,(table 1),Sea 2001,
CVD,CVD Si,(T=450°C),,450,,1.00E-07,4.00E-08,8.06E-09,(table 1),Sea 2001,
sol-gel,sol-gel Si,by dip coating (T=30°C),,30,,3.89E-07,2.08E-07,,with sublayer (figure 6),Tsai 2000,
sol-gel,sol-gel Si,by dip coating (T=60°C),,60,,5.88E-07,2.95E-07,,with sublayer (figure 6),Tsai 2000,
sol-gel,sol-gel Si,by dip coating (T=90°C),,90,,6.25E-07,3.09E-07,,with sublayer (figure 6),Tsai 2000,
sol-gel,sol-gel Si,by dip coating (T=120°C),,120,,6.68E-07,2.99E-07,,with sublayer (figure 6),Tsai 2000,
sol-gel,sol-gel Si,by dip coating (T=150°C),,150,,7.07E-07,2.94E-07,,with sublayer (figure 6),Tsai 2000,
sol-gel,sol-gel Si,by dip coating (T=30°C),,30,,1.24E-07,1.05E-07,,no sublayer (figure 6),Tsai 2000,
sol-gel,sol-gel Si,by dip coating (T=90°C),,90,,1.76E-07,1.21E-07,,no sublayer (figure 6),Tsai 2000,
sol-gel,sol-gel Si,by dip coating (T=150°C),,150,,1.81E-07,1.04E-07,,no sublayer (figure 6),Tsai 2000,
sol-gel,sol-gel Si,by dip coating (T=80°C),,80,,3.35E-07,6.42E-08,1.07E-09,(figure 12),Tsai 2000,
CVD,CVD Si," (T=700°C, t=1h)",1.00,700,,3.39E-08,,5.98E-09,Opposing 700C CVD (figure 2a),Tsapatsis 1991,
CVD,CVD Si," (T=700°C, t=2h)",2.00,700,,1.40E-08,,1.11E-10,Opposing 700C CVD (figure 2a),Tsapatsis 1991,
CVD,CVD Si," (T=700°C, t=2.5h)",2.50,700,,9.67E-09,,3.59E-11,Opposing 700C CVD (figure 2a),Tsapatsis 1991,
CVD,CVD Si," (T=700°C, t=3h)",3.00,700,,7.40E-09,,2.49E-11,Opposing 700C CVD (figure 2a),Tsapatsis 1991,
CVD,CVD Si," (T=700°C, t=4h)",4.00,700,,5.90E-09,,1.44E-11,Opposing 700C CVD (figure 2a),Tsapatsis 1991,
CVD,CVD Si," (T=700°C, t=4.5h)",4.50,700,,5.13E-09,,1.07E-11,Opposing 700C CVD (figure 2a),Tsapatsis 1991,
CVD,CVD Si," (T=800°C, t=0.5h)",0.50,800,,2.54E-08,,1.09E-08,Opposing 800C CVD (figure 2a),Tsapatsis 1991,
CVD,CVD Si," (T=800°C, t=1h)",1.00,800,,2.14E-08,,2.57E-11,Opposing 800C CVD (figure 2a),Tsapatsis 1991,
CVD,CVD Si," (T=800°C, t=1.5h)",1.50,800,,7.66E-09,,1.46E-11,Opposing 800C CVD (figure 2a),Tsapatsis 1991,
CVD,CVD Si," (T=400°C, t=0.16667h)",0.17,400,,4.77E-08,,1.31E-08,One-sided 400C CVD (figure 2b),Tsapatsis 1991,
CVD,CVD Si," (T=400°C, t=0.5h)",0.50,400,,4.03E-08,,1.10E-08,One-sided 400C CVD (figure 2b),Tsapatsis 1991,
CVD,CVD Si," (T=400°C, t=1h)",1.00,400,,2.27E-08,,7.27E-09,One-sided 400C CVD (figure 2b),Tsapatsis 1991,
CVD,CVD Si," (T=400°C, t=1.5833h)",1.58,400,,1.18E-08,,3.46E-10,One-sided 400C CVD (figure 2b),Tsapatsis 1991,
CVD,CVD Si," (T=400°C, t=1.8333h)",1.83,400,,8.79E-09,,2.30E-10,One-sided 400C CVD (figure 2b),Tsapatsis 1991,
CVD,CVD Si," (T=600°C, t=0.16667h)",0.17,600,,4.11E-08,,1.83E-10,One-sided 600C CVD (figure 2b),Tsapatsis 1991,
CVD,CVD Si," (T=600°C, t=0.33333h)",0.33,600,,4.03E-08,,6.59E-11,One-sided 600C CVD (figure 2b),Tsapatsis 1991,
CVD,CVD Si,(T=450°C),,450,,1.19E-09,,4.20E-14,(figure 4),Tsapatsis 1991,
CVD,CVD Si,(T=600°C),,600,,3.47E-09,,2.02E-13,(figure 4),Tsapatsis 1991,
CVD,CVD Si,(T=800°C),,800,,7.01E-09,,1.26E-12,(figure 4),Tsapatsis 1991,
CVD: opposing,CVD opposing," (T=450°C, t=3h)",3.00,450,,2.20E-09,,1.84E-12,S1 (table 1),Tsapatsis 1991,
CVD: opposing,CVD opposing," (T=700°C, t=3h)",3.00,700,,6.61E-09,,2.20E-11,S1 (table 1),Tsapatsis 1991,
CVD: opposing,CVD opposing," (T=450°C, t=1.5h)",1.50,450,,1.47E-09,,4.77E-08,S2 (table 1),Tsapatsis 1991,
CVD: opposing,CVD opposing," (T=800°C, t=1.5h)",1.50,800,,8.08E-09,,5.51E-07,S2 (table 1),Tsapatsis 1991,
CVD: one-sided,CVD one-sided," (T=450°C, t=0.41667h)",0.42,450,,6.61E-09,,5.87E-07,S3 (table 1),Tsapatsis 1991,
CVD: one-sided,CVD one-sided," (T=800°C, t=0.41667h)",0.42,800,,2.13E-08,,1.10E-05,S3 (table 1),Tsapatsis 1991,
CVD: one-sided,CVD one-sided," (T=450°C, t=0.16667h)",0.17,450,,2.06E-08,,5.14E-07,S4 (table 1),Tsapatsis 1991,
CVD: one-sided,CVD one-sided," (T=600°C, t=0.16667h)",0.17,600,,3.16E-08,,5.14E-06,S4 (table 1),Tsapatsis 1991,
CVD: one-sided,CVD one-sided," (T=450°C, t=1.5833h)",1.58,450,,5.87E-09,,3.67E-05,S5 (table 1),Tsapatsis 1991,
CVD: one-sided,CVD one-sided," (T=400°C, t=1.5833h)",1.58,400,,5.14E-09,,2.94E-05,S5 (table 1),Tsapatsis 1991,
CVD: one-sided,CVD one-sided," (T=450°C, t=0.91667h)",0.92,450,,2.57E-08,,3.67E-06,S6 (table 1),Tsapatsis 1991,
CVD: one-sided,CVD one-sided," (T=600°C, t=0.91667h)",0.92,600,,3.89E-08,,1.84E-05,S6 (table 1),Tsapatsis 1991,
sol-gel,sol-gel Si," by hydrothermal synthesis (T=200°C, P=2bar)",,200,2,7.31E-07,,1.16E-07,M0.6 (table 2),Tsuru 2001,
sol-gel,sol-gel Si," by hydrothermal synthesis (T=200°C, P=2bar)",,200,2,1.78E-06,,3.48E-07,M0.8 (table 2),Tsuru 2001,
sol-gel,sol-gel Si," by hydrothermal synthesis (T=200°C, P=2bar)",,200,2,7.80E-06,,2.05E-06,M1.2 (table 2),Tsuru 2001,
sol-gel,sol-gel Si," by hydrothermal synthesis (T=500°C, P=1bar)",,500,1,2.60E-07,,2.99E-09,M1 (table 4),Tsuru 2004 1,
sol-gel,sol-gel Si," by hydrothermal synthesis (T=500°C, P=1bar)",,500,1,5.60E-08,,1.00E-09,M2 (table 4),Tsuru 2004 1,
sol-gel,sol-gel Si," by hydrothermal synthesis (T=500°C, P=1bar)",,500,1,4.50E-08,,1.07E-09,M3 (table 4),Tsuru 2004 1,
sol-gel,sol-gel Si," by hydrothermal synthesis (T=500°C, P=1bar)",,500,1,2.00E-07,,2.90E-09,M1 after catalysis reaction (table 4),Tsuru 2004 1,
sol-gel,sol-gel Si," by hydrothermal synthesis (T=500°C, P=1bar)",,500,1,5.10E-08,,1.06E-09,M2 after catalysis reaction (table 4),Tsuru 2004 1,
sol-gel,sol-gel Si," by hydrothermal synthesis (T=200°C, P=1bar)",,200,1,1.26E-07,,1.29E-09,before HT treatment (figure 9),Tsuru 2004 1,
sol-gel,sol-gel Si," by hydrothermal synthesis (T=300°C, P=1bar)",,300,1,2.06E-07,,1.26E-09,before HT treatment (figure 9),Tsuru 2004 1,
sol-gel,sol-gel Si," by hydrothermal synthesis (T=400°C, P=1bar)",,400,1,3.05E-07,,1.18E-09,before HT treatment (figure 9),Tsuru 2004 1,
sol-gel,sol-gel Si," by hydrothermal synthesis (T=500°C, P=1bar)",,500,1,4.24E-07,,1.37E-09,before HT treatment (figure 9),Tsuru 2004 1,
sol-gel,sol-gel Si," by hydrothermal synthesis (T=200°C, P=1bar)",,200,1,2.19E-08,,9.72E-10,after HT treatment (figure 9),Tsuru 2004 1,
sol-gel,sol-gel Si," by hydrothermal synthesis (T=300°C, P=1bar)",,300,1,5.63E-08,,9.13E-10,after HT treatment (figure 9),Tsuru 2004 1,
sol-gel,sol-gel Si," by hydrothermal synthesis (T=400°C, P=1bar)",,400,1,1.00E-07,,8.72E-10,after HT treatment (figure 9),Tsuru 2004 1,
sol-gel,sol-gel Si," by hydrothermal synthesis (T=500°C, P=1bar)",,500,1,1.55E-07,,7.97E-10,after HT treatment (figure 9),Tsuru 2004 1,
sol-gel,sol-gel Si,by hydrothermal synthesis (T=300°C),,300,,2.27E-07,,6.05E-10,before HT treatment (figure 7),Tsuru 2006,
sol-gel,sol-gel Si,by hydrothermal synthesis (T=400°C),,400,,3.43E-07,,6.05E-10,before HT treatment (figure 7),Tsuru 2006,
sol-gel,sol-gel Si,by hydrothermal synthesis (T=500°C),,500,,4.46E-07,,7.01E-10,before HT treatment (figure 7),Tsuru 2006,
sol-gel,sol-gel Si,by hydrothermal synthesis (T=300°C),,300,,1.85E-07,,9.49E-10,after HT treatment (figure 7),Tsuru 2006,
sol-gel,sol-gel Si,by hydrothermal synthesis (T=400°C),,400,,2.96E-07,,9.35E-10,after HT treatment (figure 7),Tsuru 2006,
sol-gel,sol-gel Si,by hydrothermal synthesis (T=500°C),,500,,4.13E-07,,1.05E-09,after HT treatment (figure 7),Tsuru 2006,
sol-gel,sol-gel Si," by hydrothermal synthesis (T=500°C, P=1bar)",,500,1,2.93E-07,,6.45E-09,SiZr (9:1) before HT (figure 12),Tsuru 2008,
sol-gel,sol-gel Si," by hydrothermal synthesis (T=500°C, P=1bar)",,500,1,1.00E-07,,2.14E-10,SiZr (9:1) after HT (figure 12),Tsuru 2008,
sol-gel,sol-gel Si," by hydrothermal synthesis (T=200°C, P=1bar)",,200,1,5.68E-08,,7.05E-10,Si1 (figure 11),Tsuru 2008,
sol-gel,sol-gel Si," by hydrothermal synthesis (T=200°C, P=1bar)",,200,1,6.03E-08,,1.87E-10,Si2 (figure 11),Tsuru 2008,
sol-gel,sol-gel Si," by hydrothermal synthesis (T=200°C, P=1bar)",,200,1,7.49E-07,7.78E-08,1.00E-07,Si3 (figure 11),Tsuru 2008,
sol-gel,sol-gel Si," by hydrothermal synthesis (T=200°C, P=1bar)",,200,1,1.79E-06,3.26E-07,5.34E-08,Si4 (figure 11),Tsuru 2008,
sol-gel,sol-gel Si," by hydrothermal synthesis (T=500°C, P=1bar)",,500,1,2.41E-07,,4.80E-10,CM1 (table 1),Tsuru 2008 2,
sol-gel,sol-gel Si," by hydrothermal synthesis (T=500°C, P=1bar)",,500,1,8.93E-08,,3.57E-09,CM2 (table 1),Tsuru 2008 2,
sol-gel,sol-gel Si," by hydrothermal synthesis (T=500°C, P=1bar)",,500,1,1.16E-07,,1.37E-09,CM3 (table 1),Tsuru 2008 2,
sol-gel,sol-gel Si," by hydrothermal synthesis (T=500°C, P=1bar)",,500,1,1.83E-07,,1.66E-09,CM4 (table 1),Tsuru 2008 2,
sol-gel,sol-gel Si," by hydrothermal synthesis (T=500°C, P=1bar)",,500,1,1.07E-07,,9.32E-10,CM5 (table 1),Tsuru 2008 2,
sol-gel,sol-gel Si," by dip coating (T=500°C, P=4bar)",,500,4,4.74E-08,2.07E-09,,Si1 (table 1),Van Gestel 2010,
sol-gel,sol-gel Si," by dip coating (T=500°C, P=2.5bar)",,500,2.5,2.68E-08,1.43E-09,,Si4 (table 1),Van Gestel 2010,
sol-gel,sol-gel Si," by dip coating (T=500°C, P=2.5bar)",,500,2.5,2.79E-08,2.27E-09,,Si5 (table 1),Van Gestel 2010,
sol-gel,sol-gel Si," by dip coating (T=200°C, P=0.4bar)",,200,0.4,2.86E-06,5.70E-07,,(table 3),Vercauteren 1998,
sol-gel: Si-Co-O,sol-gel Si-Co-O,by hydrothermal synthesis (T=200°C),,200,,5.26E-08,,2.42E-10,(figure 4),Wang 2010,
sol-gel: Si-F,sol-gel Si-F," by dip coating (T=50°C, P=1bar)",,50,1,1.42E-06,2.35E-07,,(table 3),Wei 2008,
sol-gel: Si-F,sol-gel Si-F," by dip coating (T=100°C, P=1bar)",,100,1,1.48E-06,2.35E-07,,(table 3),Wei 2008,
sol-gel: Si-F,sol-gel Si-F," by dip coating (T=150°C, P=1bar)",,150,1,1.55E-06,2.36E-07,,(table 3),Wei 2008,
sol-gel: Si-F,sol-gel Si-F," by dip coating (T=200°C, P=1bar)",,200,1,1.63E-06,2.38E-07,,(table 3),Wei 2008,
sol-gel: Si-F,sol-gel Si-F," by dip coating (T=250°C, P=1bar)",,250,1,1.69E-06,2.39E-07,,(table 3),Wei 2008,
sol-gel: Si-Zr,sol-gel Si-Zr,(T=200°C),,200,,5.04E-06,6.63E-07,1.70E-07,S9Z1-fresh (figure 3),Yoshida  2001,
sol-gel: Si-Zr,sol-gel Si-Zr,(T=300°C),,300,,5.60E-06,4.73E-07,1.94E-07,(figure 3),Yoshida  2001,
sol-gel: Si-Zr,sol-gel Si-Zr,(T=400°C),,400,,6.27E-06,3.84E-07,1.94E-07,(figure 3),Yoshida  2001,
sol-gel: Si-Zr,sol-gel Si-Zr,(T=500°C),,500,,6.79E-06,2.85E-07,2.15E-07,(figure 3),Yoshida  2001,
sol-gel: Si-Zr,sol-gel Si-Zr,(T=200°C),,200,,1.18E-06,3.66E-08,1.26E-08,S9Z1-after test 1 (figure 3),Yoshida  2001,
sol-gel: Si-Zr,sol-gel Si-Zr,(T=300°C),,300,,1.84E-06,5.38E-08,2.01E-08,(figure 3),Yoshida  2001,
sol-gel: Si-Zr,sol-gel Si-Zr,(T=400°C),,400,,2.35E-06,4.73E-08,1.93E-08,(figure 3),Yoshida  2001,
sol-gel: Si-Zr,sol-gel Si-Zr,(T=500°C),,500,,2.89E-06,3.84E-08,2.54E-08,(figure 3),Yoshida  2001,
sol-gel: Si-Zr,sol-gel Si-Zr,(T=200°C),,200,,4.73E-07,8.44E-09,1.00E-08,S9Z1-after test 2 (figure 3),Yoshida  2001,
sol-gel: Si-Zr,sol-gel Si-Zr,(T=300°C),,300,,8.05E-07,9.00E-09,9.00E-09,(figure 3),Yoshida  2001,
sol-gel: Si-Zr,sol-gel Si-Zr,(T=400°C),,400,,1.18E-06,7.92E-09,8.24E-09,(figure 3),Yoshida  2001,
sol-gel: Si-Zr,sol-gel Si-Zr,(T=500°C),,500,,1.56E-06,8.24E-09,9.53E-09,(figure 3),Yoshida  2001,
sol-gel: Si-Zr,sol-gel Si-Zr,(T=200°C),,200,,3.25E-06,2.45E-07,8.27E-08,S9Z3-fresh (figure 4),Yoshida  2001,
sol-gel: Si-Zr,sol-gel Si-Zr,(T=300°C),,300,,4.37E-06,1.93E-07,9.23E-08,(figure 4),Yoshida  2001,
sol-gel: Si-Zr,sol-gel Si-Zr,(T=400°C),,400,,5.55E-06,1.84E-07,9.58E-08,(figure 4),Yoshida  2001,
sol-gel: Si-Zr,sol-gel Si-Zr,(T=500°C),,500,,6.88E-06,1.66E-07,1.07E-07,(figure 4),Yoshida  2001,
sol-gel: Si-Zr,sol-gel Si-Zr,(T=200°C),,200,,6.19E-07,6.08E-08,9.58E-08,S9Z3-after test 1 (figure 4),Yoshida  2001,
sol-gel: Si-Zr,sol-gel Si-Zr,(T=300°C),,300,,9.46E-07,4.85E-08,8.02E-08,(figure 4),Yoshida  2001,
sol-gel: Si-Zr,sol-gel Si-Zr,(T=400°C),,400,,1.49E-06,4.06E-08,7.05E-08,(figure 4),Yoshida  2001,
sol-gel: Si-Zr,sol-gel Si-Zr,(T=500°C),,500,,2.09E-06,3.54E-08,6.27E-08,(figure 4),Yoshida  2001,
sol-gel: Si-Zr,sol-gel Si-Zr,(T=200°C),,200,,3.29E-07,5.09E-08,9.58E-08,S9Z3-after test 2 (figure 4),Yoshida  2001,
sol-gel: Si-Zr,sol-gel Si-Zr,(T=300°C),,300,,4.85E-07,4.45E-08,8.02E-08,(figure 4),Yoshida  2001,
sol-gel: Si-Zr,sol-gel Si-Zr,(T=400°C),,400,,7.77E-07,3.72E-08,7.36E-08,(figure 4),Yoshida  2001,
sol-gel: Si-Zr,sol-gel Si-Zr,(T=500°C),,500,,1.19E-06,3.27E-08,6.39E-08,(figure 4),Yoshida  2001,
sol-gel: Si-Zr,sol-gel Si-Zr,(T=200°C),,200,,6.77E-07,1.27E-07,1.88E-07,S9Z5-fresh (figure 5),Yoshida  2001,
sol-gel: Si-Zr,sol-gel Si-Zr,(T=300°C),,300,,6.77E-07,1.10E-07,1.70E-07,(figure 5),Yoshida  2001,
sol-gel: Si-Zr,sol-gel Si-Zr,(T=400°C),,400,,7.43E-07,9.77E-08,1.57E-07,(figure 5),Yoshida  2001,
sol-gel: Si-Zr,sol-gel Si-Zr,(T=500°C),,500,,8.95E-07,8.60E-08,1.43E-07,(figure 5),Yoshida  2001,
sol-gel: Si-Zr,sol-gel Si-Zr,(T=200°C),,200,,7.12E-07,1.37E-07,2.09E-07,S9Z5-after test 1 (figure 5),Yoshida  2001,
sol-gel: Si-Zr,sol-gel Si-Zr,(T=300°C),,300,,6.56E-07,1.37E-07,1.84E-07,(figure 5),Yoshida  2001,
sol-gel: Si-Zr,sol-gel Si-Zr,(T=400°C),,400,,6.56E-07,1.23E-07,1.68E-07,(figure 5),Yoshida  2001,
sol-gel: Si-Zr,sol-gel Si-Zr,(T=500°C),,500,,6.87E-07,1.02E-07,1.44E-07,(figure 5),Yoshida  2001,
sol-gel: Si-Zr,sol-gel Si-Zr,(T=200°C),,200,,7.44E-07,1.49E-07,2.13E-07,S9Z5-after test 2 (figure 5),Yoshida  2001,
sol-gel: Si-Zr,sol-gel Si-Zr,(T=300°C),,300,,6.90E-07,1.18E-07,1.94E-07,(figure 5),Yoshida  2001,
sol-gel: Si-Zr,sol-gel Si-Zr,(T=400°C),,400,,6.51E-07,1.10E-07,1.82E-07,(figure 5),Yoshida  2001,
sol-gel: Si-Zr,sol-gel Si-Zr,(T=500°C),,500,,6.82E-07,1.08E-07,1.69E-07,(figure 5),Yoshida  2001,
sol-gel,sol-gel Si,(T=150°C),,150,,2.22E-07,,1.05E-08,(figure 9),Yoshino 2005,
sol-gel,sol-gel Si,(T=300°C),,300,,3.89E-07,,8.08E-09,(figure 9),Yoshino 2005,
sol-gel,sol-gel Si,(T=400°C),,400,,5.12E-07,,7.98E-09,(figure 9),Yoshino 2005,
sol-gel,sol-gel Si,(T=500°C),,500,,5.55E-07,,7.71E-09,(figure 9),Yoshino 2005,
sol-gel,sol-gel Si,(T=600°C),,600,,7.53E-07,,7.49E-09,(figure 9),Yoshino 2005,
sol-gel,sol-gel Si,(T=300°C),,300,,4.06E-06,,2.85E-07,(figure 10),Yoshino 2005,
sol-gel,sol-gel Si,(T=400°C),,400,,3.94E-06,,2.43E-07,(figure 10),Yoshino 2005,
sol-gel,sol-gel Si,(T=500°C),,500,,3.87E-06,,2.24E-07,(figure 10),Yoshino 2005,
sol-gel,sol-gel Si,(T=600°C),,600,,3.82E-06,,1.94E-07,(figure 10),Yoshino 2005,
sol-gel,sol-gel Si,(T=30°C),,30,,5.17E-06,,1.32E-06,A (figure 4),Yoshioka 2001,
sol-gel,sol-gel Si,(T=70°C),,70,,4.55E-06,3.43E-06,9.48E-07,A (figure 4),Yoshioka 2001,
sol-gel,sol-gel Si,(T=110°C),,110,,4.09E-06,2.17E-06,7.18E-07,A (figure 4),Yoshioka 2001,
sol-gel,sol-gel Si,(T=150°C),,150,,3.83E-06,1.45E-06,5.88E-07,A (figure 4),Yoshioka 2001,
sol-gel,sol-gel Si,(T=30°C),,30,,1.56E-06,9.91E-07,5.19E-08,B (figure 4),Yoshioka 2001,
sol-gel,sol-gel Si,(T=70°C),,70,,1.60E-06,7.63E-07,4.93E-08,B (figure 4),Yoshioka 2001,
sol-gel,sol-gel Si,(T=100°C),,100,,1.66E-06,5.79E-07,4.40E-08,B (figure 4),Yoshioka 2001,
sol-gel,sol-gel Si,(T=200°C),,200,,1.79E-06,2.62E-07,4.08E-08,B (figure 4),Yoshioka 2001,
sol-gel,sol-gel Si,(T=300°C),,300,,1.93E-06,1.62E-07,3.98E-08,B (figure 4),Yoshioka 2001,
sol-gel,sol-gel Si,(T=50°C),,50,,1.79E-06,1.60E-06,9.70E-08,C (figure 5),Yoshioka 2001,
sol-gel,sol-gel Si,(T=100°C),,100,,1.81E-06,1.27E-06,9.32E-08,C (figure 5),Yoshioka 2001,
sol-gel,sol-gel Si,(T=200°C),,200,,1.86E-06,6.13E-07,8.47E-08,C (figure 5),Yoshioka 2001,
sol-gel,sol-gel Si,(T=300°C),,300,,1.86E-06,3.64E-07,8.25E-08,C (figure 5),Yoshioka 2001,
sol-gel,sol-gel Si,(T=50°C),,50,,8.95E-07,6.92E-07,1.93E-08,C' (figure 5),Yoshioka 2001,
sol-gel,sol-gel Si,(T=100°C),,100,,8.95E-07,4.18E-07,1.87E-08,C' (figure 5),Yoshioka 2001,
sol-gel,sol-gel Si,(T=200°C),,200,,9.32E-07,1.83E-07,1.90E-08,C' (figure 5),Yoshioka 2001,
sol-gel,sol-gel Si,(T=300°C),,300,,9.75E-07,1.07E-07,2.02E-08,C' (figure 5),Yoshioka 2001,
sol-gel,sol-gel Si,(T=500°C),,500,,3.23E-07,,1.40E-09,(figure 3),Kanezashi 2010,